1383764950000.000000 0.000000000 0.000000007 -0.000000006 0.000000032 0.000000001 0.000000001 1.000000000
1383784950000.000000 -0.001891981 0.000670395 0.000044177 0.003183449 0.002778653 0.000747976 -0.999990821
1383804950000.000244 -0.002684236 0.002013125 -0.000653345 0.007580308 0.004810283 0.000686148 -0.999959469
1383824950000.000244 -0.003363816 0.003780781 -0.002070530 0.012629099 0.005955953 0.000718177 -0.999902308
1383844950000.000244 -0.002957575 0.005576781 -0.003246360 0.018637784 0.006407549 0.000787461 -0.999805510
1383864950000.000244 -0.002977733 0.006973996 -0.004681944 0.025347333 0.005350295 0.001898790 -0.999662638
1383884950000.000000 -0.002592957 0.009888010 -0.006423962 0.031339336 0.003787832 0.002238640 -0.999499142
1383904950000.000000 -0.002396712 0.011999743 -0.008488139 0.038542375 0.001828862 0.003140893 -0.999250412
1383924950000.000000 -0.000618660 0.013273556 -0.009746659 0.046353266 0.000882830 0.004048899 -0.998916566
1383944950000.000000 -0.000416055 0.016360126 -0.011651034 0.052020073 -0.001732070 0.005078854 -0.998631716
1383964950000.000000 0.000742075 0.017250830 -0.013086502 0.058248524 -0.003399367 0.005911377 -0.998278797
1383984950000.000000 0.000521290 0.017869731 -0.014861366 0.064432785 -0.004599475 0.006324758 -0.997891426
1384004950000.000000 0.001385345 0.018635135 -0.015885016 0.068526708 -0.005487401 0.007071473 -0.997609138
1384024950000.000000 0.001270002 0.020851439 -0.016872374 -0.071360774 0.006884577 -0.006655643 0.997404635
1384044950000.000244 0.001662101 0.021808686 -0.018079875 -0.074380219 0.007134246 -0.006839600 0.997180998
1384064950000.000244 0.001276767 0.022381870 -0.018791320 -0.076539062 0.007371640 -0.006791618 0.997016251
1384084950000.000244 0.001639581 0.022732237 -0.019133994 -0.077546753 0.007210040 -0.007023757 0.996937990
1384104950000.000244 0.001946740 0.023878811 -0.019122727 -0.077997096 0.007126537 -0.007462819 0.996900260
1384124950000.000244 0.002318141 0.023798367 -0.019933715 -0.080453984 0.007492965 -0.007790853 0.996699691
1384144950000.000000 0.002822291 0.025561186 -0.020922801 -0.082481377 0.007481277 -0.008054108 0.996531963
1384164950000.000000 0.002739074 0.026419405 -0.021905867 -0.085084558 0.008143172 -0.007994906 0.996308386
1384184950000.000000 0.001882776 0.027456444 -0.023171183 -0.087633267 0.009307139 -0.007982139 0.996077418
1384204950000.000000 0.003666752 0.029383812 -0.024428131 -0.089112863 0.008616370 -0.008441194 0.995948493
1384224950000.000000 0.003240185 0.028610144 -0.025252717 -0.092576623 0.010229367 -0.008997481 0.995612383
1384244950000.000000 0.003923612 0.030418154 -0.026534844 -0.092664666 0.011074424 -0.009696697 0.995588541
1384264950000.000000 0.004560829 0.029906761 -0.026815314 -0.094572201 0.013451897 -0.010628044 0.995370388
1384284950000.000000 0.006487478 0.033770330 -0.028805705 -0.093702748 0.014488316 -0.011562232 0.995427668
1384304950000.000244 0.006670301 0.034025501 -0.029020036 -0.095813550 0.018486958 -0.013302867 0.995138705
1384324950000.000244 0.008451874 0.034361690 -0.030010583 -0.097459257 0.021422112 -0.014818003 0.994898617
1384344950000.000244 0.009801607 0.033852022 -0.030966807 -0.099599347 0.025549769 -0.016640693 0.994560361
1384364950000.000244 0.012092054 0.033969048 -0.031511217 -0.099924922 0.028999086 -0.018601554 0.994398415
1384384950000.000000 0.013757343 0.034719303 -0.032473762 -0.100765057 0.033643983 -0.020889809 0.994121790
1384404950000.000000 0.017231535 0.035844732 -0.033692162 -0.100863859 0.037489515 -0.023171576 0.993923664
1384424950000.000000 0.019565515 0.034393501 -0.033680424 -0.102311738 0.042780213 -0.025555750 0.993503511
1384444950000.000000 0.023126010 0.034725755 -0.034756053 -0.101820841 0.047557790 -0.028193790 0.993265331
1384464950000.000000 0.025515532 0.032985952 -0.035270005 -0.102632314 0.053497780 -0.030905904 0.992798805
1384484950000.000000 0.029626926 0.034308646 -0.035769254 -0.101263538 0.058520418 -0.033252757 0.992580175
1384504950000.000000 0.032287050 0.033695858 -0.036778986 -0.102608182 0.065352723 -0.036128234 0.991915047
1384524950000.000000 0.035513341 0.031968269 -0.037457250 -0.104080491 0.071527988 -0.039921757 0.991189897
1384544950000.000244 0.040797364 0.033601034 -0.039165054 -0.102510490 0.076751515 -0.043944504 0.990792513
1384564950000.000244 0.043673720 0.031665124 -0.039724581 -0.104409553 0.083279975 -0.047285974 0.989912689
1384584950000.000244 0.044887584 0.030028693 -0.040399462 -0.105315998 0.091080315 -0.050365169 0.988977492
1384604950000.000244 0.048666600 0.030640299 -0.041603614 -0.103004530 0.097066373 -0.053942632 0.988462627
1384624950000.000244 0.051685315 0.029681783 -0.043056939 -0.102500506 0.103540383 -0.057176929 0.987676024
1384644950000.000000 0.054831672 0.026573641 -0.043039206 -0.103730612 0.109646812 -0.060389396 0.986696899
1384664950000.000000 0.059717521 0.026620565 -0.044078954 -0.102333464 0.114350639 -0.063885197 0.986088514
1384684950000.000000 0.062827580 0.028101426 -0.045598112 -0.099893995 0.120516613 -0.066152789 0.985454559
1384704950000.000000 0.065459304 0.024994124 -0.045781344 -0.100603297 0.127394035 -0.066384129 0.984501362
1384724950000.000000 0.067358375 0.023933664 -0.046168707 -0.099149033 0.135629132 -0.064466298 0.983675957
1384744950000.000000 0.069567002 0.024112429 -0.047446210 -0.096706271 0.143260688 -0.062351421 0.982973397
1384764950000.000000 0.071759790 0.023056341 -0.048333779 -0.094724335 0.150636673 -0.059843849 0.982219279
1384784950000.000000 0.074206181 0.021889644 -0.049379073 -0.093204372 0.156629294 -0.057395838 0.981573224
1384804950000.000244 0.077480555 0.023393033 -0.049469262 -0.087925822 0.162766293 -0.054862142 0.981206596
1384824950000.000244 0.077583164 0.021265555 -0.048733875 -0.087168537 0.169972569 -0.052310303 0.980191171
1384844950000.000244 0.079485938 0.023007628 -0.049580313 -0.082065247 0.175361097 -0.049362715 0.979835272
1384864950000.000244 0.080739379 0.019415230 -0.049328920 -0.080740765 0.180335447 -0.047738496 0.979122639
1384884950000.000000 0.081438929 0.018143302 -0.048670951 -0.076525152 0.184299782 -0.046605516 0.978777587
1384904950000.000000 0.083340347 0.018405799 -0.048315331 -0.070204869 0.187020078 -0.045387313 0.978792548
1384924950000.000000 0.083690129 0.016119517 -0.047114614 -0.064456031 0.189755633 -0.043902032 0.978729248
1384944950000.000000 0.085649580 0.014821678 -0.046601340 -0.058787413 0.190385163 -0.043297887 0.978990793
1384964950000.000000 0.085771099 0.012771220 -0.045043621 -0.053730909 0.191120952 -0.043278351 0.979138851
1384984950000.000000 0.086329728 0.012156477 -0.044398744 -0.047488872 0.190645114 -0.044262540 0.979510128
1385004950000.000000 0.085879132 0.009236250 -0.042739157 -0.042178918 0.190272912 -0.045478631 0.979769826
1385024950000.000000 0.084092565 0.009754730 -0.040121730 -0.033536270 0.190128908 -0.044203639 0.980189979
1385044950000.000244 0.083634570 0.005495341 -0.038346995 -0.029477812 0.188349798 -0.042472798 0.980740309
1385064950000.000244 0.087281711 0.005089086 -0.039306581 -0.022067094 0.184591353 -0.042457953 0.981649935
1385084950000.000244 0.087089106 0.003431297 -0.037609961 -0.016366921 0.183688477 -0.042393513 0.981933594
1385104950000.000244 0.086834542 0.002223713 -0.036617342 -0.010146438 0.182817429 -0.041883588 0.982201934
1385124950000.000244 0.086966433 -0.000020879 -0.035067063 -0.005719069 0.182252750 -0.042649295 0.982309699
1385144950000.000000 0.086389333 -0.001813999 -0.034598138 -0.002328947 0.182392210 -0.043056455 0.982279956
1385164950000.000000 0.087047644 -0.002342992 -0.033744920 0.001447786 0.181554496 -0.044009499 0.982394576
1385184950000.000000 0.086388923 -0.002173143 -0.033325858 0.004976764 0.181347743 -0.043892164 0.982426465
1385204950000.000000 0.086316250 -0.003181901 -0.032829899 0.005576565 0.180796430 -0.044051524 0.982517719
1385224950000.000000 0.086963534 -0.002925805 -0.032719530 0.008698217 0.179541633 -0.044018898 0.982726574
1385244950000.000000 0.086974815 -0.003809009 -0.032484215 0.011669087 0.178584754 -0.044388477 0.982853532
1385264950000.000000 0.085950933 -0.005366925 -0.031478088 0.014873985 0.178736284 -0.044175494 0.982792258
1385284950000.000000 0.085865848 -0.005954183 -0.029789452 0.019277837 0.176567107 -0.044388469 0.983098269
1385304950000.000244 0.085023008 -0.006603312 -0.028738437 0.024185022 0.175580069 -0.044252738 0.983172655
1385324950000.000244 0.085107774 -0.009027662 -0.028171260 0.026704358 0.173075274 -0.044762716 0.983528435
1385344950000.000244 0.083908252 -0.010467370 -0.027371014 0.030054441 0.171444491 -0.044122476 0.983746290
1385364950000.000244 0.083237976 -0.011521371 -0.025378840 0.033151831 0.168385863 -0.043476555 0.984203756
1385384950000.000000 0.082350172 -0.011756187 -0.024383875 0.036695186 0.165664107 -0.042263258 0.984592676
1385404950000.000000 0.080636367 -0.012108859 -0.023028564 0.039182998 0.162561730 -0.040607449 0.985083520
1385424950000.000000 0.078816392 -0.012387973 -0.021903845 0.041783109 0.159517273 -0.039019790 0.985538363
1385444950000.000000 0.076839961 -0.012596831 -0.020559821 0.044289540 0.155755699 -0.037453890 0.986091197
1385464950000.000000 0.074602060 -0.013187989 -0.019873993 0.047034871 0.151850075 -0.035345666 0.986650884
1385484950000.000000 0.072645448 -0.013758567 -0.018484136 0.049651328 0.147701085 -0.033064499 0.987231493
1385504950000.000000 0.070168905 -0.013900306 -0.017364169 0.051537570 0.142749712 -0.030586021 0.987942815
1385524950000.000000 0.067086950 -0.012384626 -0.016314555 0.053175207 0.139177859 -0.027020799 0.988469422
1385544950000.000244 0.064729035 -0.011317630 -0.015655695 0.053607803 0.134185925 -0.024200840 0.989209116
1385564950000.000244 0.061909601 -0.011026522 -0.014961705 0.051956065 0.129550412 -0.020752311 0.989993274
1385584950000.000244 0.059377495 -0.011193347 -0.014828800 0.049771704 0.124002829 -0.017084060 0.990885615
1385604950000.000244 0.056249440 -0.010657897 -0.013746147 0.049002845 0.118765689 -0.014182469 0.991611004
1385624950000.000244 0.053303845 -0.009401344 -0.012098347 0.049284697 0.113475308 -0.010822423 0.992258728
1385644950000.000000 0.050075088 -0.008199293 -0.011068441 0.049423013 0.108468875 -0.006960983 0.992846131
1385664950000.000000 0.046948705 -0.007785172 -0.010168301 0.048954770 0.103491679 -0.003620534 0.993418276
1385684950000.000000 0.043924130 -0.006593697 -0.009246638 0.048621923 0.097819790 -0.001900785 0.994013965
1385704950000.000000 0.041044082 -0.005710179 -0.008620325 0.047530551 0.091665283 -0.000228296 0.994654894
1385724950000.000000 0.038538668 -0.005892515 -0.007971336 0.045959614 0.085002206 -0.000137445 0.995320201
1385744950000.000000 0.035869647 -0.004565408 -0.007345143 0.045580532 0.078441642 0.000209371 0.995876133
1385764950000.000000 0.032952189 -0.003770046 -0.006697693 0.045009449 0.072153896 0.000652816 0.996377289
1385784950000.000000 0.029980073 -0.004123857 -0.005573388 0.043901253 0.065787278 0.000379753 0.996867418
1385804950000.000244 0.027154813 -0.002788820 -0.004945439 0.043903597 0.059097111 0.000381157 0.997286320
1385824950000.000244 0.024327917 -0.003106505 -0.004596731 0.042301755 0.052823968 0.000168839 0.997707486
1385844950000.000244 0.022635330 -0.004606711 -0.004445903 0.039024062 0.045557193 -0.001344512 0.998198390
1385864950000.000244 0.020482678 -0.002645647 -0.004142280 0.039468221 0.038988657 -0.001677637 0.998458505
1385884950000.000000 0.018151881 -0.004104777 -0.002791879 0.037375722 0.033347912 -0.002280225 0.998742104
1385904950000.000000 0.016779929 -0.002857073 -0.003102876 0.036958847 0.027382936 -0.003555258 0.998935282
1385924950000.000000 0.014560901 -0.002185857 -0.002933952 0.034601923 0.023721812 -0.002631507 0.999116182
1385944950000.000000 0.012515093 -0.000923122 -0.003223173 0.031957563 0.020253975 -0.002982924 0.999279618
1385964950000.000000 0.011253269 -0.000115831 -0.003346596 0.028030712 0.016501671 -0.004012063 0.999462843
1385984950000.000000 0.010447398 0.001644480 -0.003850686 0.024043143 0.014150856 -0.004960212 0.999598444
1386004950000.000000 0.009475593 0.002429322 -0.004534713 0.018966470 0.012327626 -0.004597682 0.999733567
1386024950000.000000 0.008976324 0.003777642 -0.005300981 0.014363733 0.011569284 -0.004641874 0.999819160
1386044950000.000244 0.008254630 0.005095295 -0.006145385 0.008979133 0.011564389 -0.004379626 0.999883294
1386064950000.000244 0.008694609 0.006627626 -0.007537265 0.003531510 0.011435112 -0.004517254 0.999918222
1386084950000.000244 0.009038353 0.007251104 -0.008332876 -0.003235407 0.013209542 -0.005239739 0.999893844
1386104950000.000244 0.008644660 0.009824966 -0.010118713 -0.009415869 0.016012579 -0.005071612 0.999814630
1386124950000.000244 0.009940140 0.011908189 -0.011507207 -0.015732754 0.017249024 -0.005897917 0.999710083
1386144950000.000000 0.010610123 0.013195432 -0.012404814 -0.022159506 0.018566964 -0.006175714 0.999562979
1386164950000.000000 0.009652353 0.014981877 -0.014278116 -0.028542448 0.020326879 -0.006790434 0.999362826
1386184950000.000000 0.009942939 0.016859215 -0.015855528 -0.035714827 0.021882657 -0.007225927 0.999096274
1386204950000.000000 0.010386921 0.018775493 -0.017466400 -0.042576250 0.023350207 -0.007757445 0.998790205
1386224950000.000000 0.010079264 0.019611258 -0.019044597 0.049720276 -0.024471132 0.008100006 -0.998430550
1386244950000.000000 0.011453834 0.021950612 -0.020756014 0.057128005 -0.025822509 0.008487953 -0.997996807
1386264950000.000000 0.011939419 0.023884574 -0.022402156 0.063970633 -0.026745152 0.008852826 -0.997554123
1386284950000.000000 0.012203819 0.025896018 -0.023665428 -0.070195124 0.027638838 -0.008862273 0.997111022
1386304950000.000244 0.012649534 0.027717737 -0.025277210 -0.076435588 0.028828628 -0.009192778 0.996615291
1386324950000.000244 0.012808444 0.029141815 -0.026774665 0.080337748 -0.029767711 0.009589287 -0.996276975
1386344950000.000244 0.013091246 0.030613983 -0.028149236 0.085794576 -0.030422419 0.009735970 -0.995800674
1386364950000.000244 0.013416122 0.032030255 -0.029391035 0.089184493 -0.031413611 0.010183026 -0.995467603
1386384950000.000000 0.013755950 0.033332299 -0.030539371 0.092045806 -0.032260351 0.010634319 -0.995175242
1386404950000.000000 0.014047773 0.034622084 -0.031550333 0.095171109 -0.032946624 0.010846972 -0.994856477
1386424950000.000000 0.014288784 0.035756614 -0.032352217 0.097354919 -0.033414721 0.011045458 -0.994627357
1386444950000.000000 0.014463431 0.036825191 -0.032955945 0.098609902 -0.033547416 0.011118961 -0.994498432
1386464950000.000000 0.014603636 0.037721936 -0.033390723 0.099337362 -0.033617683 0.011149206 -0.994423330
1386484950000.000000 0.014736971 0.038458049 -0.033787820 0.099425107 -0.033575024 0.011262482 -0.994414687
1386504950000.000000 0.014826988 0.039118998 -0.034558777 0.100635916 -0.033767715 0.011300464 -0.994285941
1386524950000.000000 0.014861936 0.039464805 -0.035500050 0.101681143 -0.033986490 0.011262398 -0.994172513
1386544950000.000244 0.014893026 0.037533469 -0.036395062 -0.103479542 0.033955619 -0.011126970 0.993989587
1386564950000.000244 0.014855456 0.037886478 -0.037979219 -0.105749726 0.034067601 -0.011008341 0.993748069
1386584950000.000244 0.014818757 0.038125388 -0.039672595 -0.108167127 0.034219433 -0.010953160 0.993483305
1386604950000.000244 0.014864108 0.039006878 -0.041728631 0.110377066 -0.034433063 0.010781894 -0.993234634
1386624950000.000244 0.014853297 0.039398447 -0.043445330 0.112463459 -0.034526743 0.010685486 -0.992998421
1386644950000.000000 0.014855922 0.039802156 -0.045194395 0.114753045 -0.034737397 0.010603141 -0.992729902
1386664950000.000000 0.014913497 0.040210441 -0.047105435 0.117397264 -0.035262894 0.010616454 -0.992401958
1386684950000.000000 0.015131599 0.040528558 -0.049182199 0.120034792 -0.036101405 0.010769043 -0.992054701
1386704950000.000000 0.015617314 0.040715218 -0.051313076 0.122611761 -0.037643358 0.011288910 -0.991676331
1386724950000.000000 0.016389849 0.040811371 -0.053446107 0.125127152 -0.039888799 0.012174081 -0.991263807
1386744950000.000000 0.017497759 0.040787384 -0.055413883 0.127371028 -0.042420249 0.013287370 -0.990858555
1386764950000.000000 0.018785486 0.040663134 -0.057209864 0.129346862 -0.045484416 0.014510551 -0.990449429
1386784950000.000000 0.020147253 0.040574066 -0.058937430 0.131306723 -0.049124658 0.015353555 -0.990004897
1386804950000.000244 0.021682380 0.040467598 -0.060614698 0.133079097 -0.053544953 0.016219145 -0.989525139
1386824950000.000244 0.023405703 0.040225886 -0.062174458 0.134340659 -0.058560263 0.017096423 -0.989055634
1386844950000.000244 0.025448913 0.039882701 -0.063564174 0.135399431 -0.062978983 0.019136438 -0.988602340
1386864950000.000244 0.027779192 0.039456286 -0.064820595 0.136116251 -0.067891851 0.021513171 -0.988129675
1386884950000.000000 0.030280000 0.038976584 -0.065971293 0.136571184 -0.072922759 0.023985811 -0.987651408
1386904950000.000000 0.032935828 0.038444106 -0.066720538 0.136482984 -0.077970207 0.026684193 -0.987208724
1386924950000.000000 0.035512730 0.038023576 -0.067076407 0.135854453 -0.083567336 0.028913852 -0.986774623
1386944950000.000000 0.038090866 0.037413463 -0.066995330 0.134253278 -0.089230351 0.030784940 -0.986441255
1386964950000.000000 0.040560052 0.036757082 -0.066729411 0.132084072 -0.095164463 0.031696375 -0.986150563
1386984950000.000000 0.043122757 0.036075253 -0.066547140 0.129821792 -0.101387158 0.032385517 -0.985808372
1387004950000.000000 0.045670874 0.035430755 -0.066432804 0.127288669 -0.107537545 0.032594398 -0.985480070
1387024950000.000000 0.048318144 0.034378279 -0.066574931 0.125351682 -0.112771489 0.033491470 -0.985113144
1387044950000.000244 0.050668303 0.030655613 -0.068651184 -0.124610133 0.117401145 -0.035687875 0.984589100
1387064950000.000244 0.052741740 0.029357474 -0.069054753 -0.123173364 0.120875373 -0.037730660 0.984273314
1387084950000.000244 0.054476310 0.028127750 -0.069732599 -0.123032644 0.124549136 -0.039559629 0.983760953
1387104950000.000244 0.055277131 0.028442396 -0.070800833 0.123180926 -0.127774417 0.041147772 -0.983263493
1387124950000.000244 0.056446362 0.028078454 -0.071829088 0.124069691 -0.130848438 0.042456608 -0.982691646
1387144950000.000000 0.057438292 0.027795898 -0.072776005 0.125415787 -0.133182392 0.043917466 -0.982142866
1387164950000.000000 0.058366038 0.027597057 -0.073384665 0.126797467 -0.134459943 0.045679715 -0.981710970
1387184950000.000000 0.059077714 0.027453199 -0.073440239 0.126599342 -0.135595456 0.046258863 -0.981553197
1387204950000.000000 0.059650235 0.027226444 -0.072996832 0.125806704 -0.135802880 0.046598505 -0.981610358
1387224950000.000000 0.059941545 0.027187431 -0.072329156 0.125004053 -0.135132745 0.046436034 -0.981813073
1387244950000.000000 0.059960075 0.027341511 -0.071657255 0.124644265 -0.134156078 0.046016559 -0.982012510
1387264950000.000000 0.059812330 0.027594116 -0.071080618 0.124268316 -0.133389875 0.045503661 -0.982188404
1387284950000.000000 0.059662182 0.027739596 -0.070625015 0.123868652 -0.133169949 0.045418665 -0.982272625
1387304950000.000244 0.059678108 0.027718313 -0.070326865 0.123441473 -0.133470520 0.045489773 -0.982282341
1387324950000.000244 0.059751991 0.027685339 -0.070113480 0.123198390 -0.133462727 0.045620780 -0.982307851
1387344950000.000244 0.059883751 0.027645823 -0.069955662 0.123003259 -0.133275330 0.045758661 -0.982351303
1387364950000.000244 0.060008090 0.027532278 -0.069926679 0.122948393 -0.133260965 0.046039734 -0.982347012
1387384950000.000000 0.060088173 0.027502811 -0.069974825 0.122982174 -0.133523732 0.046350148 -0.982292473
1387404950000.000000 0.060146347 0.027488085 -0.070007078 0.123000316 -0.133599102 0.046429511 -0.982276261
1387424950000.000000 0.060018040 0.027520344 -0.069957055 0.123024173 -0.133456841 0.046306465 -0.982298374
1387444950000.000000 0.059768654 0.027561957 -0.069945216 0.123113021 -0.133155897 0.046065912 -0.982339382
1387464950000.000000 0.059644196 0.027658619 -0.069897801 0.123164766 -0.133020654 0.045895994 -0.982359171
1387484950000.000000 0.059646547 0.027644807 -0.069882594 0.123090908 -0.133081526 0.045974631 -0.982356489
1387504950000.000000 0.059749797 0.027581207 -0.069966041 0.123073533 -0.133305475 0.046187706 -0.982318342
1387524950000.000000 0.059865881 0.027537534 -0.070003346 0.122993194 -0.133590698 0.046362855 -0.982281446
1387544950000.000244 0.060042854 0.027117318 -0.071541034 -0.122987829 0.133488193 -0.046400476 0.982294202
1387564950000.000244 0.060022257 0.027021091 -0.071504563 -0.122788683 0.133384719 -0.046437077 0.982331514
1387584950000.000244 0.059970312 0.026934743 -0.071487963 -0.122509100 0.133290514 -0.046512984 0.982375562
1387604950000.000244 0.059904028 0.026580557 -0.071119033 0.122513868 -0.133335292 0.046398610 -0.982374370
1387624950000.000244 0.059743285 0.026214765 -0.070874549 0.122095332 -0.133196577 0.046242014 -0.982452571
1387644950000.000000 0.059595689 0.025735874 -0.070609018 0.121863209 -0.133041620 0.046130929 -0.982507646
1387664950000.000000 0.059492845 0.025148405 -0.070241630 0.121940345 -0.133049384 0.046081021 -0.982499421
1387684950000.000000 0.059502505 0.024416827 -0.069356956 0.120456576 -0.133000463 0.046038784 -0.982690990
1387704950000.000000 0.059607804 0.023546901 -0.068030618 0.118246704 -0.132773265 0.046269592 -0.982979238
1387724950000.000000 0.059811771 0.022964679 -0.066475809 0.115211435 -0.132023796 0.046487246 -0.983430266
1387744950000.000000 0.059960522 0.022308914 -0.065093525 0.113183260 -0.131632864 0.046982698 -0.983694613
1387764950000.000000 0.060130991 0.021679526 -0.063624889 0.110726923 -0.131174028 0.047166597 -0.984026551
1387784950000.000000 0.060286328 0.020862566 -0.062229127 0.108515427 -0.130849645 0.047399480 -0.984304905
1387804950000.000244 0.060217347 0.019961130 -0.061017435 0.106843993 -0.130574852 0.047346998 -0.984526753
1387824950000.000244 0.060155179 0.019164534 -0.060047615 0.104938500 -0.130136877 0.047346395 -0.984789670
1387844950000.000244 0.060112387 0.018451111 -0.059536520 0.104476765 -0.130104735 0.047545180 -0.984833419
1387864950000.000244 0.060080927 0.017781191 -0.059186049 0.104106396 -0.130125657 0.047600854 -0.984867215
1387884950000.000000 0.060095370 0.017253220 -0.059088677 0.103936724 -0.130203709 0.047653973 -0.984872222
1387904950000.000000 0.060058162 0.016991358 -0.059010148 0.103737831 -0.130028129 0.047615308 -0.984918237
1387924950000.000000 0.060031243 0.017059743 -0.059154522 0.104386836 -0.130096242 0.047578868 -0.984842420
1387944950000.000000 0.059999876 0.017155986 -0.059158742 0.104731157 -0.130173028 0.047530852 -0.984798074
1387964950000.000000 0.059969727 0.017223164 -0.059163503 0.104868107 -0.130163163 0.047467653 -0.984787881
1387984950000.000000 0.059963219 0.017228676 -0.059076861 0.104760021 -0.130103275 0.047420658 -0.984809577
1388004950000.000000 0.059930287 0.017143030 -0.058887068 0.104442142 -0.130055845 0.047449537 -0.984848142
1388024950000.000000 0.059976459 0.017077899 -0.058856267 0.104151398 -0.130058467 0.047535073 -0.984874547
1388044950000.000244 0.060102552 0.016462628 -0.060006529 -0.104604259 0.130096182 -0.047642410 0.984816313
1388064950000.000244 0.060185060 0.016458884 -0.060091943 -0.104710683 0.130155310 -0.047727302 0.984793067
1388084950000.000244 0.060199521 0.016456567 -0.060180075 -0.104802229 0.130215734 -0.047753446 0.984774113
1388104950000.000244 0.060096756 0.016380237 -0.059665415 0.104812026 -0.130248114 0.047706041 -0.984771073
1388124950000.000244 0.060018010 0.016374731 -0.059460022 0.104802512 -0.130220309 0.047603559 -0.984780669
1388144950000.000000 0.059958577 0.016355092 -0.059236508 0.104752854 -0.130120575 0.047535159 -0.984802544
1388164950000.000000 0.059985176 0.016339831 -0.059034571 0.104661912 -0.130076319 0.047542918 -0.984817684
1388184950000.000000 0.060096249 0.016338190 -0.058900654 0.104608290 -0.130179107 0.047643185 -0.984804928
1388204950000.000000 0.060212437 0.016361058 -0.058811504 0.104580805 -0.130305812 0.047739603 -0.984786391
1388224950000.000000 0.060272224 0.016393289 -0.058727629 0.104509868 -0.130329296 0.047745097 -0.984790564
1388244950000.000000 0.060266878 0.016429318 -0.058686189 0.104508139 -0.130233884 0.047805067 -0.984800458
1388264950000.000000 0.060180411 0.016489733 -0.058707118 0.104521975 -0.130141109 0.047697246 -0.984816492
1388284950000.000000 0.060159110 0.016532395 -0.058793653 0.104550630 -0.130111933 0.047629897 -0.984820604
1388304950000.000244 0.060145136 0.016566450 -0.058902815 0.104579113 -0.130124778 0.047588311 -0.984817863
1388324950000.000244 0.060163930 0.016601810 -0.059021339 0.104582392 -0.130145282 0.047564797 -0.984815896
1388344950000.000244 0.060198992 0.016609594 -0.059144814 0.104497023 -0.130177557 0.047541715 -0.984821856
1388364950000.000244 0.060233586 0.016619477 -0.059249260 0.104388155 -0.130217955 0.047432430 -0.984833300
1388384950000.000000 0.060219891 0.016678089 -0.059340492 0.104312219 -0.130184248 0.047424078 -0.984846175
1388404950000.000000 0.060135596 0.016726509 -0.059394732 0.104440354 -0.130134821 0.047318395 -0.984844267
1388424950000.000000 0.060064234 0.016771972 -0.059474241 0.104526490 -0.130062446 0.047212455 -0.984849751
1388444950000.000000 0.060040157 0.016793884 -0.059570525 0.104619205 -0.130042613 0.047289778 -0.984838843
1388464950000.000000 0.060066018 0.016792480 -0.059660397 0.104647331 -0.130072862 0.047298517 -0.984831393
1388484950000.000000 0.060052089 0.016740989 -0.059700385 0.104597971 -0.130090326 0.047327843 -0.984832942
1388504950000.000000 0.060075101 0.016720016 -0.059698902 0.104502469 -0.130070373 0.047362801 -0.984844029
1388524950000.000000 0.060086329 0.016703803 -0.059732743 0.104455262 -0.130074248 0.047361091 -0.984848619
1388544950000.000244 0.059955105 0.015782271 -0.059262305 -0.104865745 0.129964456 -0.047598366 0.984808028
1388564950000.000244 0.059969470 0.015748337 -0.059264608 -0.104883417 0.129993260 -0.047706578 0.984797060
1388584950000.000244 0.059990950 0.015692031 -0.059299827 -0.104932912 0.129993379 -0.047695588 0.984792352
1388604950000.000244 0.059889644 0.015920771 -0.059115108 0.104877457 -0.129956648 0.047710743 -0.984802365
1388624950000.000244 0.059841704 0.015939416 -0.058971073 0.104783706 -0.129878223 0.047669061 -0.984824717
1388644950000.000000 0.059799504 0.015980367 -0.058778837 0.104655489 -0.129758865 0.047623146 -0.984856308
1388664950000.000000 0.059788562 0.016017895 -0.058585897 0.104575872 -0.129658952 0.047605604 -0.984878778
1388684950000.000000 0.059809133 0.015998477 -0.058418795 0.104619868 -0.129638374 0.047580130 -0.984878063
1388704950000.000000 0.059857041 0.015906025 -0.058274183 0.104441196 -0.129626811 0.047595061 -0.984897792
1388724950000.000000 0.059890181 0.015755324 -0.058115318 0.104329593 -0.129638880 0.047577705 -0.984908938
1388744950000.000000 0.059850641 0.015454091 -0.057837199 0.103583366 -0.129672721 0.047616366 -0.984981358
1388764950000.000000 0.059799537 0.014950607 -0.057510022 0.103101499 -0.129494339 0.047673970 -0.985052586
1388784950000.000000 0.059767555 0.014262185 -0.057058595 0.102250256 -0.129419580 0.047913834 -0.985139430
1388804950000.000244 0.059722006 0.013455696 -0.056578707 0.101173274 -0.129216015 0.047976941 -0.985274315
1388824950000.000244 0.059638411 0.012363270 -0.055988315 0.100454785 -0.129224539 0.048025683 -0.985344291
1388844950000.000244 0.059390347 0.011877909 -0.055864710 0.097417250 -0.128836289 0.048096448 -0.985696673
1388864950000.000244 0.059330296 0.010488454 -0.054597959 0.094672725 -0.128359780 0.048313532 -0.986015618
1388884950000.000000 0.059363805 0.009180480 -0.053408075 0.092756316 -0.128275752 0.048552863 -0.986196876
1388904950000.000000 0.059448674 0.007759258 -0.052015036 0.090305686 -0.127905250 0.048895318 -0.986455500
1388924950000.000000 0.059663184 0.005469254 -0.049648717 0.088511437 -0.127519608 0.049274180 -0.986649215
1388944950000.000000 0.059570275 0.004749337 -0.049172845 0.085318819 -0.127404049 0.049578421 -0.986930072
1388964950000.000000 0.059781585 0.002497741 -0.046841308 0.083174072 -0.126980469 0.049897101 -0.987151623
1388984950000.000000 0.059818480 0.001176133 -0.045601655 0.081171215 -0.126639828 0.050057180 -0.987353981
1389004950000.000000 0.059721954 0.000520227 -0.045237962 0.078495219 -0.126363799 0.050251842 -0.987595856
1389024950000.000000 0.059916444 -0.001732156 -0.043155637 0.076403379 -0.125853643 0.050581727 -0.987808108
1389044950000.000244 0.059191961 -0.004149298 -0.042977441 -0.076076515 0.126215026 -0.051361378 0.987747073
1389064950000.000244 0.059071798 -0.005494108 -0.042359535 -0.075584985 0.126443654 -0.051530961 0.987746656
1389084950000.000244 0.058964122 -0.006619596 -0.041897718 -0.075825788 0.126421675 -0.051811229 0.987716377
1389104950000.000244 0.058825597 -0.007605337 -0.041516975 -0.076421373 0.126569524 -0.051330861 0.987676620
1389124950000.000244 0.058807030 -0.008040210 -0.041084755 0.077079721 -0.126822323 0.051416542 -0.987588584
1389144950000.000000 0.058855526 -0.008961602 -0.040470660 0.077826001 -0.127313823 0.051428858 -0.987466156
1389164950000.000000 0.059050459 -0.009978291 -0.039440781 0.076748312 -0.127383813 0.051956117 -0.987513840
1389184950000.000000 0.059192501 -0.010963975 -0.038204908 0.074789964 -0.127153352 0.052343383 -0.987673342
1389204950000.000000 0.059216358 -0.012042753 -0.036931939 0.072980024 -0.127005145 0.052477278 -0.987820685
1389224950000.000000 0.059137844 -0.013220769 -0.035806030 0.071689941 -0.126673386 0.052339714 -0.987965107
1389244950000.000000 0.059032198 -0.014448198 -0.034870259 0.070617743 -0.126671717 0.052589186 -0.988029301
1389264950000.000000 0.059028525 -0.015738823 -0.034070302 0.069196478 -0.126506388 0.052856926 -0.988136709
1389284950000.000000 0.059065804 -0.017031100 -0.033375893 0.067987882 -0.126561686 0.053027008 -0.988204420
1389304950000.000244 0.059087321 -0.018316900 -0.032657482 0.066897362 -0.126407966 0.053198650 -0.988289297
1389324950000.000244 0.059143662 -0.019680830 -0.031799879 0.065254673 -0.126340941 0.053544033 -0.988389015
1389344950000.000244 0.059203390 -0.020926194 -0.030977439 0.063618012 -0.126158446 0.053936049 -0.988497734
1389364950000.000244 0.058956176 -0.022547666 -0.029912803 -0.062219221 0.126248538 -0.054176509 0.988562107
1389384950000.000000 0.058824874 -0.023612877 -0.029027648 -0.060610265 0.125921234 -0.054272838 0.988698542
1389404950000.000000 0.058745082 -0.024785899 -0.028014267 -0.058644954 0.125465512 -0.054401904 0.988867879
1389424950000.000000 0.058732376 -0.026155103 -0.026993103 -0.056292228 0.125249937 -0.054686010 0.989016294
1389444950000.000000 0.058816016 -0.027027667 -0.026045188 0.054426655 -0.125131518 0.055115476 -0.989111781
1389464950000.000000 0.058813889 -0.028176282 -0.025317738 0.053302821 -0.125113487 0.055256389 -0.989167392
1389484950000.000000 0.058797225 -0.029384315 -0.024480086 0.051718418 -0.124835029 0.055424105 -0.989277363
1389504950000.000000 0.058790967 -0.030501416 -0.023590691 0.049830824 -0.124591678 0.055689588 -0.989389956
1389524950000.000000 0.058823813 -0.031624123 -0.022754934 0.048600446 -0.124606855 0.055815741 -0.989442170
1389544950000.000244 0.058782592 -0.032602329 -0.022094082 0.048612677 -0.124424905 0.055657055 -0.989473403
1389564950000.000244 0.058763750 -0.033532910 -0.021647844 0.049550377 -0.124508016 0.055423874 -0.989429533
1389584950000.000244 0.058774378 -0.034409236 -0.021293925 0.050479352 -0.125120968 0.055507410 -0.989300489
1389604950000.000244 0.058840699 -0.035202309 -0.020918384 0.051330749 -0.125466853 0.055346511 -0.989221931
1389624950000.000244 0.058843579 -0.035938639 -0.020563385 0.050987892 -0.125896364 0.055597473 -0.989171028
1389644950000.000000 0.058859110 -0.036412541 -0.020267034 0.050436888 -0.125781134 0.055955347 -0.989193738
1389664950000.000000 0.058850862 -0.036992297 -0.019797862 0.049730666 -0.125842035 0.055927642 -0.989223301
1389684950000.000000 0.058810987 -0.037560359 -0.019267615 0.048883311 -0.125780389 0.055926401 -0.989273489
1389704950000.000000 0.058825873 -0.037829883 -0.018794481 0.047450405 -0.125396803 0.055989094 -0.989388406
1389724950000.000000 0.058765016 -0.037839677 -0.018702548 0.047521252 -0.125370517 0.055932708 -0.989391506
1389744950000.000000 0.058841452 -0.037659138 -0.018877886 0.048090257 -0.125380918 0.055912394 -0.989363849
1389764950000.000000 0.058842573 -0.037410818 -0.019261356 0.049152959 -0.125680327 0.055867340 -0.989276171
1389784950000.000000 0.058876581 -0.037005678 -0.019710807 0.050064247 -0.126122653 0.055591658 -0.989189684
1389804950000.000244 0.058861509 -0.036501586 -0.020247620 0.051417872 -0.126795650 0.055202290 -0.989055991
1389824950000.000244 0.058886856 -0.035982870 -0.020756049 0.052717417 -0.127245471 0.055164013 -0.988931954
1389844950000.000244 0.058967300 -0.035257675 -0.021226183 0.054198302 -0.127641484 0.055128578 -0.988802850
1389864950000.000244 0.058725022 -0.033793777 -0.022785002 -0.056092504 0.128476843 -0.055561006 0.988564789
1389884950000.000000 0.058854938 -0.033068929 -0.023351770 -0.057236787 0.128983617 -0.055542652 0.988434255
1389904950000.000000 0.058934778 -0.032534771 -0.023832668 -0.058136016 0.129208013 -0.055426776 0.988358915
1389924950000.000000 0.058922160 -0.032156438 -0.024049314 -0.058365040 0.129035339 -0.055244457 0.988378227
1389944950000.000000 0.058916759 -0.032361709 -0.023862751 0.057983134 -0.128869757 0.055200215 -0.988424838
1389964950000.000000 0.058983020 -0.031997818 -0.024071390 0.058370169 -0.128883541 0.055140134 -0.988403559
1389984950000.000000 0.059112962 -0.031627294 -0.024257608 0.058495052 -0.128884658 0.055052686 -0.988400936
1390004950000.000000 0.059272356 -0.031049691 -0.024511583 0.058873288 -0.128899440 0.054936554 -0.988382936
1390024950000.000000 0.059450898 -0.030319003 -0.024960127 0.059591144 -0.129033580 0.054817878 -0.988329053
1390044950000.000244 0.059564348 -0.029346872 -0.025544247 0.060832504 -0.129217640 0.054673675 -0.988237321
1390064950000.000244 0.059637018 -0.028126072 -0.026399124 0.062760748 -0.129468277 0.054391630 -0.988099515
1390084950000.000244 0.059677076 -0.026772508 -0.027431663 0.065057971 -0.129779905 0.054052245 -0.987928629
1390104950000.000244 0.059709415 -0.025285376 -0.028709371 0.067268915 -0.130013272 0.053721376 -0.987767935
1390124950000.000244 0.059786554 -0.023626171 -0.029976835 0.069799498 -0.130362317 0.053404436 -0.987563491
1390144950000.000000 0.059808169 -0.021923056 -0.031243291 0.072451130 -0.130874097 0.053066213 -0.987323105
1390164950000.000000 0.059921082 -0.020110287 -0.032494523 0.074884862 -0.130977780 0.052660771 -0.987149417
1390184950000.000000 0.060217049 -0.017920334 -0.034203891 0.076989636 -0.131033421 0.052241128 -0.987002373
1390204950000.000000 0.060105901 -0.016460542 -0.035052143 0.079882607 -0.131463572 0.051948670 -0.986730695
1390224950000.000000 0.060407840 -0.014070315 -0.037595034 0.082217224 -0.131684318 0.051411334 -0.986537635
1390244950000.000000 0.060440741 -0.012134163 -0.039069578 0.084956013 -0.131998211 0.050917458 -0.986289203
1390264950000.000000 0.060499690 -0.010258595 -0.040439073 0.087641478 -0.132349491 0.050640669 -0.986021399
1390284950000.000000 0.060531974 -0.008331817 -0.041782383 0.090083644 -0.132532075 0.050316259 -0.985793352
1390304950000.000244 0.060522359 -0.006425172 -0.043170467 0.092998251 -0.132862791 0.049916796 -0.985498488
1390324950000.000244 0.060519379 -0.004665677 -0.044554792 0.095530704 -0.133224174 0.049374223 -0.985234678
1390344950000.000244 0.060469635 -0.002857632 -0.045892727 0.097968295 -0.133624941 0.048807666 -0.984969258
1390364950000.000244 0.059867702 -0.002166326 -0.046528164 -0.100973368 0.134545907 -0.048600953 0.984550536
1390384950000.000000 0.059665412 -0.000228035 -0.047962923 -0.103411399 0.135580853 -0.046605229 0.984251976
1390404950000.000000 0.059447918 0.001533832 -0.049341727 -0.105736941 0.136592567 -0.044848457 0.983946562
1390424950000.000000 0.059044689 0.003672287 -0.050766252 -0.107083254 0.138110280 -0.040850081 0.983763218
1390444950000.000000 0.058981277 0.007373874 -0.053339180 0.106938690 -0.139332756 0.036609549 -0.983773530
1390464950000.000000 0.058814380 0.007326087 -0.052644189 0.109486051 -0.139836654 0.035885584 -0.983448446
1390484950000.000000 0.059397690 0.011052180 -0.056012142 0.109230854 -0.139643982 0.033022027 -0.983604491
1390504950000.000000 0.058871940 0.009833733 -0.054449018 0.111071900 -0.139653802 0.034430917 -0.983348608
1390524950000.000000 0.058984965 0.010805201 -0.055076253 0.110773787 -0.139276519 0.033829022 -0.983456612
1390544950000.000244 0.059968907 0.013935870 -0.058150977 0.109244019 -0.138077989 0.032146215 -0.983853042
1390564950000.000244 0.059115645 0.012901313 -0.056245118 0.110760771 -0.138090640 0.033291887 -0.983643591
1390584950000.000244 0.059029799 0.013989321 -0.057103697 0.111647666 -0.138079911 0.032945033 -0.983556569
1390604950000.000244 0.058859818 0.015307616 -0.058314994 0.113622248 -0.138204902 0.032529734 -0.983326614
1390624950000.000244 0.058829553 0.016859163 -0.059766334 0.116482668 -0.138696030 0.032204442 -0.982933402
1390644950000.000000 0.059616514 0.020669565 -0.063916728 0.118276417 -0.138686523 0.030517094 -0.982774436
1390664950000.000000 0.059642591 0.022366667 -0.065521829 0.121053919 -0.139208570 0.030505797 -0.982362628
1390684950000.000000 0.059551194 0.024193196 -0.067266494 0.124312922 -0.139694691 0.030366177 -0.981890857
1390704950000.000000 0.059416849 0.026108092 -0.069072902 0.127565265 -0.140082881 0.030025089 -0.981428802
1390724950000.000000 0.057999898 0.027017321 -0.070793495 -0.131517172 0.141364127 -0.030833643 0.980698049
1390744950000.000000 0.057962477 0.029048484 -0.072496533 -0.133881867 0.141442403 -0.030593382 0.980374336
1390764950000.000000 0.057885613 0.030970637 -0.074329183 -0.137094706 0.142021656 -0.030294025 0.979855716
1390784950000.000000 0.057897076 0.033011701 -0.076172285 -0.140160933 0.142551154 -0.030029479 0.979353011
1390804950000.000244 0.057869397 0.033778962 -0.077424161 0.143325284 -0.142874345 0.029693384 -0.978858054
1390824950000.000244 0.057836071 0.035448804 -0.078970425 0.146296725 -0.143474221 0.029300639 -0.978342414
1390844950000.000244 0.057750333 0.037172534 -0.080397099 0.148822710 -0.143650994 0.028961798 -0.977945507
1390864950000.000244 0.057700735 0.038862009 -0.081581779 0.150446758 -0.143576428 0.028650442 -0.977717161
1390884950000.000000 0.057640310 0.040390398 -0.082393132 0.150691032 -0.143197358 0.028259335 -0.977746487
1390904950000.000000 0.057578433 0.041906103 -0.082983628 0.148898825 -0.142465830 0.028033732 -0.978134334
1390924950000.000000 0.057407476 0.043361787 -0.083426520 0.146250859 -0.141720474 0.027394811 -0.978660107
1390944950000.000000 0.057156783 0.044812065 -0.083991803 0.142900556 -0.141206011 0.026719011 -0.979247868
1390964950000.000000 0.056976177 0.046095591 -0.084768474 0.140148297 -0.140672028 0.026981877 -0.979715228
1390984950000.000000 0.056798220 0.047462616 -0.085855782 0.137844846 -0.140130654 0.027163828 -0.980114460
1391004950000.000000 0.056606013 0.048742585 -0.087258726 0.137197882 -0.140110165 0.027421352 -0.980201006
1391024950000.000000 0.056336716 0.050157417 -0.088982515 0.137403190 -0.140094683 0.027336217 -0.980176806
1391044950000.000244 0.056029860 0.051666170 -0.091004975 0.139494523 -0.140344754 0.026996220 -0.979855001
1391064950000.000244 0.056051541 0.053227454 -0.095865324 -0.142426774 0.140738919 -0.026607282 0.979387224
1391084950000.000244 0.055722252 0.055160966 -0.098373562 -0.146484852 0.141304299 -0.026229139 0.978717208
1391104950000.000244 0.055448912 0.057128340 -0.100961335 -0.150491267 0.141915277 -0.026012443 0.978026509
1391124950000.000244 0.055227414 0.059230976 -0.103592008 -0.154365793 0.142559871 -0.025731456 0.977336109
1391144950000.000000 0.056075059 0.061664961 -0.106430940 -0.158713520 0.142380893 -0.025658153 0.976667464
1391164950000.000000 0.055711996 0.063711584 -0.108855143 -0.162989199 0.143086180 -0.025233779 0.975870967
1391184950000.000000 0.055404566 0.065731309 -0.111211061 -0.166452572 0.143605977 -0.024878275 0.975218952
1391204950000.000000 0.055130944 0.067849740 -0.113732047 -0.170719236 0.144201696 -0.024522344 0.974402130
1391224950000.000000 0.054894812 0.069685206 -0.117680766 -0.174404383 0.144716859 -0.024033021 0.973685026
1391244950000.000000 0.054589003 0.071669407 -0.119830079 -0.177941993 0.145042464 -0.023538088 0.973008394
1391264950000.000000 0.054322992 0.073594369 -0.121942751 -0.181459010 0.145533413 -0.023157304 0.972294450
1391284950000.000000 0.054059196 0.075521231 -0.124056369 -0.184930280 0.145898312 -0.022741513 0.971595287
1391304950000.000244 0.053835958 0.076993264 -0.128106520 -0.187865660 0.146241128 -0.022294255 0.970990717
1391324950000.000244 0.053562663 0.078550890 -0.129728824 -0.189302787 0.146153361 -0.021831736 0.970735312
1391344950000.000244 0.053270228 0.079927862 -0.131059825 -0.189274266 0.145874709 -0.021757262 0.970784485
1391364950000.000244 0.053006176 0.081194907 -0.132065490 -0.187439933 0.145425990 -0.021876816 0.971204937
1391384950000.000000 0.052769337 0.081823260 -0.133101732 0.184217930 -0.144599080 0.021923214 -0.971943617
1391404950000.000000 0.052879624 0.082595326 -0.134893760 -0.182003707 0.143755078 -0.022191772 0.972479641
1391424950000.000000 0.052767344 0.083391562 -0.135577232 -0.180868775 0.143030867 -0.022921706 0.972781241
1391444950000.000000 0.052712075 0.084087074 -0.136387318 -0.181677520 0.142085925 -0.024182241 0.972738445
1391464950000.000000 0.052448988 0.084989868 -0.137335762 -0.183066577 0.141911149 -0.024034090 0.972507238
1391484950000.000000 0.052324779 0.085716367 -0.138533667 0.184614837 -0.142232329 0.024041649 -0.972167373
1391504950000.000000 0.052337836 0.086056970 -0.140020385 -0.186036617 0.142508149 -0.024009004 0.971856713
1391524950000.000000 0.052188773 0.086595759 -0.140599534 -0.186986998 0.142727911 -0.023922259 0.971644163
1391544950000.000244 0.052031837 0.087015554 -0.141010836 -0.187718838 0.142750680 -0.023814425 0.971502364
1391564950000.000244 0.051859856 0.087223850 -0.141223967 -0.188642249 0.142927825 -0.023658909 0.971301198
1391584950000.000244 0.051534794 0.087011784 -0.141173393 0.188199520 -0.142897174 0.023478070 -0.971396029
1391604950000.000244 0.051477317 0.086981393 -0.140744448 0.187580660 -0.142730907 0.023580745 -0.971537650
1391624950000.000244 0.052526478 0.088862009 -0.140966862 -0.186098948 0.142365992 -0.023396773 0.971880555
1391644950000.000000 0.052636642 0.088850319 -0.140452117 -0.184927642 0.142208323 -0.023584111 0.972122610
1391664950000.000000 0.052682698 0.088745818 -0.139861420 -0.183267504 0.141971454 -0.023661556 0.972469687
1391684950000.000000 0.052661359 0.088576756 -0.139290631 -0.181459978 0.141673714 -0.023743099 0.972850025
1391704950000.000000 0.051382899 0.085956909 -0.138597876 0.179899558 -0.141566962 0.024175059 -0.973144650
1391724950000.000000 0.051237669 0.085720897 -0.138129503 0.178327829 -0.141262829 0.024164967 -0.973478377
1391744950000.000000 0.051152300 0.085546963 -0.137781113 0.177214861 -0.141004980 0.024188748 -0.973718345
1391764950000.000000 0.052165121 0.085279047 -0.138160676 -0.178037658 0.140846923 -0.024268683 0.973589122
1391784950000.000000 0.052178510 0.085312426 -0.138166711 -0.178446233 0.141061142 -0.024255706 0.973483682
1391804950000.000244 0.052194409 0.085367106 -0.138142183 -0.178716004 0.141367704 -0.024211410 0.973390758
1391824950000.000244 0.052125294 0.085378729 -0.137983724 -0.178743854 0.141336709 -0.024071950 0.973393619
1391844950000.000244 0.051899515 0.085388012 -0.137680635 0.178466260 -0.141130194 0.023947828 -0.973477542
1391864950000.000244 0.051767193 0.085350446 -0.137455165 0.178277612 -0.141060948 0.023899486 -0.973523378
1391884950000.000000 0.051695287 0.085333347 -0.137343064 0.178336695 -0.141070068 0.024032494 -0.973508000
1391904950000.000000 0.051677167 0.085302696 -0.137293190 0.178422794 -0.141137674 0.024045592 -0.973482072
1391924950000.000000 0.051660661 0.085224651 -0.137270853 0.178535491 -0.141157329 0.024044408 -0.973458529
1391944950000.000000 0.051615972 0.085126638 -0.137275577 0.178712890 -0.141166806 0.024133990 -0.973422408
1391964950000.000000 0.051553667 0.085003972 -0.137354538 0.178823933 -0.141219795 0.024097078 -0.973395228
1391984950000.000000 0.051427849 0.084901787 -0.137526870 0.179060712 -0.141169429 0.023908852 -0.973363698
1392004950000.000000 0.051290601 0.084773757 -0.137828991 0.179510772 -0.141142190 0.023760118 -0.973288357
1392024950000.000000 0.051198080 0.084641017 -0.138287544 0.180086732 -0.141243011 0.023430414 -0.973175347
1392044950000.000244 0.051152118 0.084640682 -0.138902113 0.180779725 -0.141402051 0.023393717 -0.973024607
1392064950000.000244 0.051116556 0.084644519 -0.139415488 0.181430057 -0.141680390 0.023408491 -0.972862720
1392084950000.000244 0.051157452 0.084555842 -0.139711693 0.181601942 -0.141936019 0.023513131 -0.972790897
1392104950000.000244 0.051314168 0.084444106 -0.139818341 0.181421787 -0.142132506 0.023763075 -0.972789705
1392124950000.000244 0.051540256 0.084387600 -0.139862016 0.181297123 -0.142277285 0.024064904 -0.972784400
1392144950000.000000 0.051713303 0.084324732 -0.139789283 0.181236058 -0.142284259 0.024263334 -0.972789764
1392164950000.000000 0.051774137 0.084149703 -0.139628991 0.181081027 -0.142299488 0.024277989 -0.972816110
1392184950000.000000 0.051784083 0.083761059 -0.139132917 0.180016756 -0.142017201 0.024246594 -0.973055601
1392204950000.000000 0.051730033 0.083274171 -0.138491273 0.179041028 -0.141755641 0.024159119 -0.973275959
1392224950000.000000 0.051732089 0.082677722 -0.137504905 0.177590191 -0.141570002 0.024006736 -0.973572493
1392244950000.000000 0.051816061 0.081688225 -0.136153743 0.175787494 -0.141213834 0.024089074 -0.973949254
1392264950000.000000 0.051855475 0.078981012 -0.135410503 -0.173707113 0.140654683 -0.024421252 0.974395096
1392284950000.000000 0.052082442 0.077683754 -0.133808941 -0.172239482 0.140827745 -0.024804872 0.974620938
1392304950000.000244 0.052422531 0.076329917 -0.131797701 -0.169994190 0.140846178 -0.025289310 0.974999964
1392324950000.000244 0.052787393 0.074910447 -0.129452139 -0.167675734 0.140607059 -0.025693096 0.975425303
1392344950000.000244 0.052727927 0.073186308 -0.126240969 0.164344326 -0.140282273 0.025934674 -0.976032376
1392364950000.000244 0.052915279 0.071493849 -0.123343393 0.160744131 -0.139750049 0.026325477 -0.976697624
1392384950000.000000 0.053093266 0.069785766 -0.120478638 0.157273397 -0.139408469 0.026729673 -0.977300346
1392404950000.000000 0.052135050 0.068669446 -0.118706718 0.152955264 -0.139290020 0.027280813 -0.977987111
1392424950000.000000 0.052361477 0.066932946 -0.115949400 0.149036318 -0.138650119 0.027650420 -0.978672504
1392444950000.000000 0.052597191 0.065255217 -0.113362230 0.145412803 -0.138013646 0.027941599 -0.979299068
1392464950000.000000 0.052792173 0.063637920 -0.111141413 0.142866150 -0.137538686 0.028356593 -0.979728699
1392484950000.000000 0.053003013 0.062093277 -0.109173089 0.140458614 -0.137389585 0.028748505 -0.980086267
1392504950000.000000 0.053119376 0.060632754 -0.107752517 0.140012696 -0.137909755 0.029160850 -0.980064809
1392524950000.000000 0.052511089 0.059220318 -0.105580226 0.140158847 -0.139043674 0.029701851 -0.979867458
1392544950000.000244 0.052748881 0.058186676 -0.104510620 0.140878841 -0.139551967 0.030191142 -0.979676962
1392564950000.000244 0.052994899 0.057369925 -0.103565574 0.142190874 -0.140151426 0.030284606 -0.979398906
1392584950000.000244 0.053220168 0.056342583 -0.102577768 0.143640146 -0.140780628 0.030286560 -0.979097068
1392604950000.000244 0.054189783 0.055567134 -0.102338642 0.143283963 -0.139937907 0.030500375 -0.979263425
1392624950000.000244 0.054373201 0.054452542 -0.100960545 0.142078921 -0.139827251 0.030699329 -0.979448557
1392644950000.000000 0.053791407 0.052817676 -0.098325193 0.139747828 -0.140080437 0.031109741 -0.979734778
1392664950000.000000 0.054039855 0.051334169 -0.096439078 0.137037456 -0.139665276 0.031543002 -0.980162978
1392684950000.000000 0.054286871 0.049768735 -0.094569921 0.134662986 -0.139374733 0.031869024 -0.980522811
1392704950000.000000 0.054454602 0.048201498 -0.092710555 0.132596567 -0.139145568 0.031978205 -0.980833352
1392724950000.000000 0.054630134 0.046560571 -0.090794899 0.129943997 -0.138725534 0.032377161 -0.981234729
1392744950000.000000 0.054793276 0.044897001 -0.088791557 0.127141044 -0.138276398 0.032694627 -0.981654704
1392764950000.000000 0.056624644 0.042036965 -0.087588310 -0.126171201 0.136929557 -0.032410868 0.981977999
1392784950000.000000 0.056722842 0.040451668 -0.085912690 -0.124313504 0.136495292 -0.032611575 0.982268631
1392804950000.000244 0.056796104 0.038780022 -0.084396601 -0.124086738 0.136656165 -0.032544538 0.982277155
1392824950000.000244 0.057006862 0.037093282 -0.082867786 -0.123536035 0.136699215 -0.032725342 0.982334614
1392844950000.000244 0.055122584 0.035476357 -0.081052244 0.121899523 -0.138029352 0.033946633 -0.982311606
1392864950000.000244 0.056892991 0.033730112 -0.079241827 0.121700361 -0.137068152 0.034302160 -0.982458532
1392884950000.000000 0.057115130 0.031949177 -0.077311441 0.120797269 -0.136878178 0.035139054 -0.982566833
1392904950000.000000 0.057311691 0.030151827 -0.075256534 0.118636906 -0.136566862 0.035617925 -0.982856095
1392924950000.000000 0.057456650 0.028395979 -0.073225476 0.116426900 -0.136381269 0.035871111 -0.983136892
1392944950000.000000 0.057567492 0.026609015 -0.071301408 0.114890844 -0.136218831 0.036015302 -0.983334899
1392964950000.000000 0.055920273 0.023238895 -0.068780616 0.112759039 -0.136631802 0.036763549 -0.983496666
1392984950000.000000 0.056257255 0.021514894 -0.067118570 0.110953271 -0.136528254 0.037078999 -0.983704507
1393004950000.000000 0.056460090 0.019703686 -0.065377168 0.108069167 -0.136402175 0.037378937 -0.984031677
1393024950000.000000 0.057234272 0.017294645 -0.063327052 0.106075920 -0.135665357 0.037996724 -0.984326780
1393044950000.000244 0.057427142 0.015679175 -0.061700560 0.103547089 -0.135306239 0.038256828 -0.984635293
1393064950000.000244 0.057508279 0.013835181 -0.060128164 0.102035381 -0.135249749 0.038286317 -0.984799743
1393084950000.000244 0.057555299 0.012155999 -0.058774106 0.101394288 -0.135259509 0.038404562 -0.984860003
1393104950000.000244 0.057553954 0.010598289 -0.057499401 0.100778669 -0.135250002 0.038358320 -0.984926283
1393124950000.000244 0.057594337 0.009145801 -0.056345947 0.099973999 -0.135410473 0.038478281 -0.984981537
1393144950000.000000 0.057646614 0.007643535 -0.055179331 0.098670930 -0.135603189 0.039148130 -0.985060036
1393164950000.000000 0.057706036 0.006363149 -0.054080222 0.097312123 -0.135821342 0.039518114 -0.985150397
1393184950000.000000 0.057765275 0.005257782 -0.052881718 0.096083455 -0.135691866 0.039676856 -0.985282421
1393204950000.000000 0.057758749 0.004152872 -0.051724028 0.094336025 -0.135292068 0.039933432 -0.985495925
1393224950000.000000 0.057726957 0.003099359 -0.050685924 0.092729755 -0.134903014 0.040036734 -0.985697448
1393244950000.000000 0.057289843 0.001973050 -0.050043244 0.091307528 -0.135016814 0.039742403 -0.985826552
1393264950000.000000 0.057400510 0.001508072 -0.049516108 -0.089031406 0.134135172 -0.038460851 0.986205816
1393284950000.000000 0.057373330 0.001002750 -0.049210571 -0.088920183 0.134343013 -0.038500767 0.986186028
1393304950000.000244 0.057358857 0.000656777 -0.049091611 -0.088812940 0.134382889 -0.038669918 0.986183643
1393324950000.000244 0.057331711 0.000458089 -0.049193975 -0.089326032 0.134557039 -0.038696494 0.986112535
1393344950000.000244 0.057729505 0.000748196 -0.050179802 0.089989796 -0.134823084 0.038855046 -0.986009598
1393364950000.000244 0.057763238 0.000904858 -0.050573166 0.090656109 -0.134877071 0.038754437 -0.985945106
1393384950000.000000 0.057781059 0.000987570 -0.050786503 0.090769388 -0.134883538 0.038599059 -0.985939920
1393404950000.000000 0.057812911 0.001022915 -0.050813768 0.090693064 -0.134804964 0.038594652 -0.985957861
1393424950000.000000 0.057862207 0.001057696 -0.050670411 0.090442806 -0.134758040 0.038702793 -0.985983014
1393444950000.000000 0.057905503 0.001064300 -0.050449334 0.090099692 -0.134700194 0.038798116 -0.986018598
1393464950000.000000 0.057923254 0.001095034 -0.050265595 0.089837469 -0.134590849 0.038825732 -0.986056387
1393484950000.000000 0.057867415 0.001167312 -0.050190572 0.089950882 -0.134555623 0.038759727 -0.986053467
1393504950000.000000 0.057828616 0.001301082 -0.050209645 0.090277612 -0.134550899 0.038836148 -0.986021221
1393524950000.000000 0.057797477 0.001363197 -0.050049491 0.090435229 -0.134626329 0.038799204 -0.985997915
1393544950000.000244 0.057817064 0.001393640 -0.049855102 0.090239353 -0.134581804 0.038800400 -0.986021876
1393564950000.000244 0.058185358 0.000756996 -0.050309870 0.090003684 -0.134252325 0.040705208 -0.986011565
1393584950000.000244 0.057857923 0.001356428 -0.049268752 0.089880459 -0.134361073 0.038855378 -0.986082613
1393604950000.000244 0.057885375 0.001300081 -0.048986904 0.089693181 -0.134337783 0.038918082 -0.986100376
1393624950000.000244 0.057853431 0.001175711 -0.048791327 0.089670755 -0.134354129 0.038919453 -0.986100197
1393644950000.000000 0.057776462 0.000846864 -0.048464522 0.089589238 -0.134344846 0.038803805 -0.986113369
1393664950000.000000 0.057643324 0.000245576 -0.047804441 0.088606499 -0.133987665 0.038794175 -0.986251116
1393684950000.000000 0.057662383 -0.000446093 -0.046871010 0.086620316 -0.133527443 0.039008971 -0.986481488
1393704950000.000000 0.057741519 -0.001262803 -0.046067297 0.085655548 -0.133408561 0.039176770 -0.986575127
1393724950000.000000 0.058131114 -0.002977116 -0.045881260 0.084395535 -0.133108959 0.041224815 -0.986640751
1393744950000.000000 0.057991534 -0.004184648 -0.044896431 0.084294558 -0.133078307 0.040933061 -0.986665666
1393764950000.000000 0.057091333 -0.005313682 -0.044848409 -0.084975138 0.133550972 -0.039286423 0.986610413
1393784950000.000000 0.056864403 -0.006459367 -0.044130348 -0.086713806 0.134170249 -0.038668957 0.986399472
1393804950000.000244 0.056812782 -0.007412121 -0.043578882 -0.087721236 0.134551778 -0.038627278 0.986259997
1393824950000.000244 0.056790069 -0.008317358 -0.043068681 -0.087837785 0.135203630 -0.039077736 0.986142755
1393844950000.000244 0.057175443 -0.009547201 -0.042851504 0.087204449 -0.135616660 0.039746653 -0.986115515
1393864950000.000244 0.057261743 -0.010467831 -0.042167623 0.086555824 -0.135794386 0.040046122 -0.986136079
1393884950000.000000 0.057299864 -0.011339858 -0.041230455 0.084819302 -0.135437757 0.040185526 -0.986330271
1393904950000.000000 0.057357274 -0.012140915 -0.041122857 0.083060883 -0.134956837 0.040390443 -0.986537516
1393924950000.000000 0.057316996 -0.012763534 -0.039407454 0.081351623 -0.134548023 0.040428977 -0.986734152
1393944950000.000000 0.057517849 -0.013081182 -0.038723409 0.079340979 -0.133909911 0.040809423 -0.986968994
1393964950000.000000 0.057614431 -0.013004079 -0.038642492 0.079251133 -0.133889899 0.040990636 -0.986971378
1393984950000.000000 0.057678264 -0.012610865 -0.038966279 0.080404632 -0.134192199 0.041035552 -0.986835182
1394004950000.000000 0.057632320 -0.012284967 -0.039377656 0.081681810 -0.134407267 0.040863678 -0.986708164
1394024950000.000000 0.057504073 -0.012038195 -0.039771263 0.083002508 -0.134798840 0.040631555 -0.986554086
1394044950000.000244 0.057918139 -0.011807345 -0.039917927 0.083321661 -0.134981602 0.042036142 -0.986443400
1394064950000.000244 0.057682730 -0.011377285 -0.040069975 0.084292620 -0.135403588 0.040614765 -0.986362576
1394084950000.000244 0.057858258 -0.011251703 -0.039908946 0.084179923 -0.135308355 0.040630147 -0.986384690
1394104950000.000244 0.057917714 -0.011267816 -0.039715081 0.083935909 -0.135207191 0.040689491 -0.986416876
1394124950000.000244 0.057923581 -0.011222518 -0.039528128 0.083703488 -0.135200396 0.040728640 -0.986435950
1394144950000.000000 0.057863019 -0.011212400 -0.039350439 0.083574995 -0.135168016 0.040652610 -0.986454368
1394164950000.000000 0.057761118 -0.011178253 -0.039270382 0.083558023 -0.134985343 0.040420242 -0.986490428
1394184950000.000000 0.057691358 -0.011166036 -0.039287291 0.083646491 -0.134843394 0.040255941 -0.986509025
1394204950000.000000 0.057712592 -0.011207798 -0.039425261 0.083821073 -0.134928420 0.040327568 -0.986479640
1394224950000.000000 0.057800785 -0.011210136 -0.039541177 0.083947942 -0.135160327 0.040451091 -0.986432135
1394244950000.000000 0.057906829 -0.011146185 -0.039481141 0.083945066 -0.135245726 0.040488273 -0.986419082
1394264950000.000000 0.057819799 -0.011752018 -0.039859232 -0.084155008 0.134876609 -0.039755594 0.986481488
1394284950000.000000 0.057715800 -0.011714729 -0.039593577 -0.083889417 0.134581998 -0.039566386 0.986552000
1394304950000.000244 0.057672787 -0.011721093 -0.039340097 -0.083559789 0.134400696 -0.039519221 0.986606598
1394324950000.000244 0.057726037 -0.011802074 -0.039012469 -0.083237357 0.134386927 -0.039629210 0.986631274
1394344950000.000244 0.058060214 -0.011136527 -0.038928889 0.082666889 -0.134365618 0.039876524 -0.986672163
1394364950000.000244 0.058243409 -0.010781847 -0.038642336 0.082525462 -0.134309158 0.040102094 -0.986682534
1394384950000.000000 0.058455028 -0.010245004 -0.038563881 0.082957260 -0.134493172 0.040344521 -0.986611426
1394404950000.000000 0.058697522 -0.009478649 -0.038782436 0.084608726 -0.135085806 0.040419925 -0.986387074
1394424950000.000000 0.058933202 -0.008604233 -0.038883835 0.086106315 -0.135847598 0.040427461 -0.986152530
1394444950000.000000 0.059108038 -0.007677766 -0.038695939 0.086726785 -0.136481479 0.040545840 -0.986005723
1394464950000.000000 0.059276599 -0.006677315 -0.038623556 0.088270828 -0.136791527 0.040467963 -0.985828996
1394484950000.000000 0.059439443 -0.005704182 -0.038348917 0.089057669 -0.137019441 0.040593065 -0.985721409
1394504950000.000000 0.059737328 -0.005090100 -0.037587993 0.088241749 -0.137098134 0.040905580 -0.985770941
1394524950000.000000 0.059913345 -0.004585587 -0.036658574 0.087605298 -0.137284994 0.041059434 -0.985795259
1394544950000.000244 0.060196340 -0.004176248 -0.035455022 0.086177073 -0.136855140 0.041217778 -0.985974312
1394564950000.000244 0.060467537 -0.003663222 -0.034409683 0.085563846 -0.136873499 0.041310467 -0.986021280
1394584950000.000244 0.060892709 -0.003201013 -0.032953210 0.083911657 -0.136799812 0.041802045 -0.986152768
1394604950000.000244 0.061377030 -0.002888810 -0.031313922 0.082181223 -0.136716112 0.042095728 -0.986297607
1394624950000.000244 0.061849747 -0.002762637 -0.029433083 0.079610810 -0.136500418 0.042516187 -0.986520231
1394644950000.000000 0.062298901 -0.002729650 -0.027299074 0.076768346 -0.136187151 0.042918395 -0.986771345
1394664950000.000000 0.062842444 -0.002825330 -0.024898509 0.073239230 -0.135531440 0.043420464 -0.987107873
1394684950000.000000 0.063415721 -0.003112553 -0.022526886 0.069804788 -0.135134801 0.043835972 -0.987392664
1394704950000.000000 0.063980207 -0.003435038 -0.020376381 0.067244343 -0.135148793 0.044407427 -0.987542927
1394724950000.000000 0.064647354 -0.004033467 -0.018121639 0.067781888 -0.134539381 0.043995414 -0.987607837
1394744950000.000000 0.065265685 -0.003985506 -0.016275641 0.065927818 -0.134939179 0.044854492 -0.987640142
1394764950000.000000 0.065180548 -0.003456558 -0.013520260 -0.064333528 0.135918334 -0.045571599 0.987578154
1394784950000.000000 0.065652020 -0.003189400 -0.011924216 -0.065540701 0.136670142 -0.045478560 0.987399340
1394804950000.000244 0.066082895 -0.002709890 -0.010400880 -0.066580608 0.136658698 -0.045220811 0.987343192
1394824950000.000244 0.066636622 -0.002264574 -0.008863621 -0.065972507 0.137318566 -0.045852698 0.987263322
1394844950000.000244 0.067348033 -0.001233558 -0.007856708 0.064532436 -0.137937412 0.046494540 -0.987242222
1394864950000.000244 0.067973219 -0.000854164 -0.006178734 0.063934177 -0.137755647 0.046590503 -0.987301946
1394884950000.000000 0.069310270 -0.000428256 -0.006498699 0.061520919 -0.136909947 0.047709409 -0.987519443
1394904950000.000000 0.069376849 -0.000218730 -0.002111250 0.058179792 -0.137279853 0.048124470 -0.987650454
1394924950000.000000 0.070653506 0.000139747 -0.002112832 0.054717209 -0.135788918 0.048768681 -0.988022804
1394944950000.000000 0.070676044 0.000426517 0.002153827 0.052409362 -0.136228681 0.048930325 -0.988079369
1394964950000.000000 0.071311645 0.000948690 0.004222420 0.049915630 -0.135772690 0.049424969 -0.988246620
1394984950000.000000 0.071975455 0.001499919 0.006137351 0.047999106 -0.135557234 0.049637560 -0.988360524
1395004950000.000000 0.072226562 0.000793028 0.011011143 -0.046315081 0.135474771 -0.050243780 0.988421500
1395024950000.000000 0.072960563 0.001706705 0.012715613 -0.045083955 0.135494620 -0.050679121 0.988453507
1395044950000.000244 0.073631145 0.002647936 0.014308041 -0.044095181 0.135499761 -0.050979745 0.988481939
1395064950000.000244 0.074271895 0.003557114 0.015814902 -0.042919062 0.135353819 -0.051164206 0.988544166
1395084950000.000244 0.074975438 0.005366663 0.015640507 0.041738790 -0.135120273 0.051524587 -0.988607943
1395104950000.000244 0.075533807 0.006703496 0.016478216 0.041253660 -0.134969458 0.051673558 -0.988641143
1395124950000.000244 0.076058425 0.007961730 0.017133696 0.041159343 -0.134986997 0.051639605 -0.988644481
1395144950000.000000 0.076641098 0.009180736 0.017830851 0.040463261 -0.134907022 0.051826313 -0.988674283
1395164950000.000000 0.076608203 0.009877935 0.019688146 -0.040800508 0.135512203 -0.052389529 0.988547981
1395184950000.000000 0.077052496 0.010957232 0.019920386 -0.041099969 0.135710180 -0.052347500 0.988510668
1395204950000.000000 0.077445269 0.011878974 0.020254588 -0.040660340 0.135618135 -0.052506767 0.988533020
1395224950000.000000 0.077707924 0.012655588 0.020446898 -0.041131612 0.135786027 -0.052457042 0.988493145
1395244950000.000000 0.077642724 0.012792895 0.019438937 0.041527018 -0.135817453 0.052360293 -0.988477409
1395264950000.000000 0.077740170 0.013287548 0.019134795 0.041643377 -0.135796368 0.052388929 -0.988473892
1395284950000.000000 0.077780142 0.013684878 0.018556977 0.042455696 -0.135999694 0.052284714 -0.988416910
1395304950000.000244 0.077729277 0.014027204 0.017906139 0.043385394 -0.136128649 0.052060805 -0.988370597
1395324950000.000244 0.077689223 0.014459169 0.017647432 0.043740422 -0.136063725 0.051918466 -0.988371372
1395344950000.000244 0.077680640 0.014657924 0.017498596 0.043656804 -0.136047035 0.051915072 -0.988377512
1395364950000.000244 0.077712059 0.014721124 0.017502103 0.043524899 -0.135981113 0.051959034 -0.988390148
1395384950000.000000 0.077755794 0.014845362 0.017598568 0.043321382 -0.135947093 0.052063741 -0.988398254
1395404950000.000000 0.077828526 0.015081103 0.017711941 0.043323047 -0.136056870 0.052128602 -0.988379657
1395424950000.000000 0.077886522 0.015246654 0.017855471 0.043346614 -0.136157468 0.052179400 -0.988362074
1395444950000.000000 0.077825792 0.015331225 0.018032707 0.043367554 -0.136166245 0.052159529 -0.988361001
1395464950000.000000 0.077739537 0.015429931 0.018182822 0.043415952 -0.136056334 0.052205421 -0.988371551
1395484950000.000000 0.077611759 0.015464780 0.018321794 0.043403160 -0.135950074 0.052067589 -0.988394022
1395504950000.000000 0.077482753 0.015438795 0.018453393 0.043376740 -0.135925278 0.052037545 -0.988400161
1395524950000.000000 0.077522904 0.015413266 0.018556044 0.043426458 -0.136081249 0.052101336 -0.988373160
1395544950000.000244 0.077617906 0.015413157 0.018586993 0.043505743 -0.136232510 0.052172054 -0.988345146
1395564950000.000244 0.077682309 0.015346339 0.018729420 0.043470189 -0.136195675 0.052192349 -0.988350689
1395584950000.000244 0.077617697 0.015233682 0.018879326 0.043313101 -0.136138037 0.052213378 -0.988364458
1395604950000.000244 0.077557690 0.015099078 0.018925302 0.043132853 -0.136097908 0.052247144 -0.988376021
1395624950000.000244 0.077469386 0.014967849 0.018937012 0.043048222 -0.136030346 0.052154243 -0.988393903
1395644950000.000000 0.077435307 0.014858005 0.018978599 0.042914562 -0.135872677 0.052041978 -0.988427341
1395664950000.000000 0.077151328 0.013984415 0.019553918 -0.042546973 0.136019528 -0.052447353 0.988401651
1395684950000.000000 0.077202581 0.013779300 0.019610796 -0.042467091 0.135963306 -0.052267741 0.988422334
1395704950000.000000 0.077202111 0.013365637 0.019779535 -0.042078581 0.135817498 -0.052066695 0.988469541
1395724950000.000000 0.077173121 0.012769219 0.020109862 -0.041341666 0.135571495 -0.051943235 0.988540947
1395744950000.000000 0.077194072 0.013063710 0.019227395 0.040125731 -0.135069758 0.051985297 -0.988657534
1395764950000.000000 0.077203982 0.012565102 0.018996578 0.039250225 -0.134649292 0.051999532 -0.988749266
1395784950000.000000 0.077287473 0.012169492 0.016933462 0.039226100 -0.133715391 0.051132344 -0.988922179
1395804950000.000244 0.077083252 0.011656344 0.016039083 0.040195335 -0.133544356 0.050803419 -0.988923311
1395824950000.000244 0.076554239 0.011272496 0.016208179 0.041477650 -0.133809254 0.050868019 -0.988831222
1395844950000.000244 0.076256141 0.011080222 0.013061577 0.043964934 -0.133513182 0.050100908 -0.988802969
1395864950000.000244 0.075602248 0.011317416 0.012173337 0.047319546 -0.134493083 0.050227351 -0.988508880
1395884950000.000000 0.075151645 0.011834786 0.009500102 0.051499952 -0.135115728 0.049877144 -0.988232732
1395904950000.000000 0.074610472 0.012461767 0.006615418 0.056189086 -0.135987759 0.049240716 -0.987889409
1395924950000.000000 0.073903479 0.013123222 0.003580551 0.061083693 -0.136477500 0.048503287 -0.987567842
1395944950000.000000 0.073069409 0.013599167 0.000460539 0.065462060 -0.136784703 0.047910444 -0.987273633
1395964950000.000000 0.072145134 0.013949310 -0.002819046 0.069794916 -0.136959687 0.047093466 -0.986991882
1395984950000.000000 0.071278304 0.014089413 -0.005897065 0.073419921 -0.136909738 0.046059761 -0.986784577
1396004950000.000000 0.070379749 0.014078442 -0.009039868 0.075636424 -0.136473104 0.044885848 -0.986731768
1396024950000.000000 0.069402635 0.013791339 -0.012143712 0.077939145 -0.136241302 0.043698546 -0.986637890
1396044950000.000244 0.068287447 0.013199585 -0.015314678 0.080652244 -0.136225849 0.042634439 -0.986468494
1396064950000.000244 0.067332387 0.012638906 -0.018553466 0.082728118 -0.135646269 0.041836422 -0.986410618
1396084950000.000244 0.066309057 0.011988745 -0.021996433 0.086184815 -0.135966375 0.041048497 -0.986103654
1396104950000.000244 0.067591168 0.010543723 -0.026977109 0.089842990 -0.133273229 0.040138081 -0.986182272
1396124950000.000244 0.065597333 0.010099754 -0.031528156 0.093746521 -0.134019718 0.037916578 -0.985805631
1396144950000.000000 0.065656371 0.008978184 -0.034123875 0.096442811 -0.133460745 0.038904626 -0.985582829
1396164950000.000000 0.063120127 0.008934156 -0.038375981 -0.098370381 0.135080725 -0.039764266 0.985137224
1396184950000.000000 0.061819501 0.008378910 -0.041971445 -0.100883476 0.134838745 -0.038820010 0.984953821
1396204950000.000000 0.060499497 0.007805230 -0.045618970 -0.103894390 0.134625480 -0.037694998 0.984713733
1396224950000.000000 0.059024144 0.007285580 -0.049248386 -0.105598807 0.134863883 -0.035648126 0.984575987
1396244950000.000000 0.058499455 0.005734269 -0.052791156 0.106785960 -0.135080323 0.035434432 -0.984425962
1396264950000.000000 0.057550423 0.004881149 -0.056179482 0.108746521 -0.135194525 0.035081733 -0.984208286
1396284950000.000000 0.056470525 0.004242050 -0.059484906 0.110809430 -0.135168359 0.034679439 -0.983996034
1396304950000.000244 0.056870986 0.003828423 -0.063498177 0.111926869 -0.133524522 0.033282373 -0.984142244
1396324950000.000244 0.054780316 0.003275891 -0.067056127 0.113051683 -0.134511113 0.031488448 -0.983938336
1396344950000.000244 0.054815367 0.002405889 -0.068787649 0.113291599 -0.133671880 0.032759760 -0.983983636
1396364950000.000244 0.052668601 0.001992679 -0.072108768 0.114647403 -0.134130105 0.030728715 -0.983829737
1396384950000.000000 0.052738331 0.001356563 -0.073570654 0.115067855 -0.133120030 0.031853039 -0.983882010
1396404950000.000000 0.051857766 0.000987202 -0.075797707 0.116745010 -0.133459806 0.031478003 -0.983650446
1396424950000.000000 0.051062621 0.000684709 -0.077878699 0.118128568 -0.133618593 0.031102439 -0.983475685
1396444950000.000000 0.050318204 0.000398090 -0.079590000 0.119548224 -0.133698910 0.030660547 -0.983307064
1396464950000.000000 0.049633879 0.000180826 -0.080809332 0.120658554 -0.133670166 0.030285751 -0.983186960
1396484950000.000000 0.049174674 0.000245597 -0.082057089 0.122566305 -0.133921638 0.030033037 -0.982924521
1396504950000.000000 0.047900338 0.000544689 -0.083901003 0.124428138 -0.134995416 0.028369544 -0.982593119
1396524950000.000000 0.049025428 0.000596240 -0.083570331 0.124834642 -0.134756446 0.030126669 -0.982522011
1396544950000.000244 0.049119186 0.000751305 -0.083370559 0.124284193 -0.135116652 0.030301984 -0.982536972
1396564950000.000244 0.048152655 0.000951451 -0.083586797 0.123213291 -0.135477543 0.028852019 -0.982665777
1396584950000.000244 0.049177866 0.000765879 -0.082142659 0.121742532 -0.134486109 0.030588156 -0.982932746
1396604950000.000244 0.047973640 0.000853354 -0.082632802 0.121104836 -0.134935141 0.029001063 -0.982998073
1396624950000.000244 0.048902713 0.000506546 -0.081772037 0.120103821 -0.134266585 0.030665448 -0.983161867
1396644950000.000000 0.048748542 0.000286188 -0.081916727 0.119694114 -0.134211794 0.030594232 -0.983221531
1396664950000.000000 0.046881195 -0.000506390 -0.083746210 -0.119384609 0.135060206 -0.030448472 0.983147502
1396684950000.000000 0.046807922 -0.000654638 -0.084000349 -0.119833156 0.135219246 -0.030522894 0.983068764
1396704950000.000000 0.046897609 -0.000670659 -0.084155425 -0.120052703 0.135544211 -0.030716650 0.982991159
1396724950000.000000 0.047048703 -0.000710634 -0.083945125 -0.119777121 0.135674298 -0.030961268 0.982999146
1396744950000.000000 0.046962123 0.000140723 -0.083053775 0.119341142 -0.135495976 0.030735182 -0.983083904
1396764950000.000000 0.046844106 0.000331730 -0.082578957 0.119007707 -0.135256439 0.030614188 -0.983161092
1396784950000.000000 0.046756878 0.000476988 -0.082302667 0.118854508 -0.135227472 0.030537046 -0.983186007
1396804950000.000244 0.046715863 0.000493747 -0.082275942 0.118865214 -0.135280877 0.030497422 -0.983178556
1396824950000.000244 0.046699595 0.000473973 -0.082463019 0.119196594 -0.135370582 0.030475115 -0.983126819
1396844950000.000244 0.046719220 0.000432174 -0.082715534 0.119766884 -0.135487974 0.030490350 -0.983040869
1396864950000.000244 0.046802670 0.000373643 -0.082922854 0.120185688 -0.135682672 0.030542158 -0.982961297
1396884950000.000000 0.046869047 0.000309060 -0.082888477 0.120198458 -0.135906532 0.030575374 -0.982927740
1396904950000.000000 0.046924807 0.000238231 -0.082742579 0.119994365 -0.135949701 0.030564461 -0.982947052
1396924950000.000000 0.046960097 0.000224411 -0.082611628 0.119791865 -0.135837600 0.030447604 -0.982990861
1396944950000.000000 0.046940103 0.000227297 -0.082686312 0.119878694 -0.135770783 0.030371848 -0.982991934
1396964950000.000000 0.046944331 0.000278547 -0.082942039 0.120363526 -0.135955840 0.030533459 -0.982902050
1396984950000.000000 0.047020771 0.000532985 -0.083442375 0.120798379 -0.136247873 0.030623913 -0.982805431
1397004950000.000000 0.047004852 0.001026616 -0.084262341 0.122086823 -0.136513919 0.030679354 -0.982607603
1397024950000.000000 0.046986159 0.001628530 -0.085221909 0.123933442 -0.136803418 0.030584931 -0.982339025
1397044950000.000244 0.046983715 0.002368096 -0.086133406 0.124992281 -0.136877671 0.030540781 -0.982195914
1397064950000.000244 0.046942212 0.003447481 -0.087274112 0.126245677 -0.137147531 0.030498659 -0.981999278
1397084950000.000244 0.046884611 0.004678720 -0.088569969 0.127421454 -0.137448236 0.030465523 -0.981806338
1397104950000.000244 0.046693653 0.006144912 -0.090196289 0.128943428 -0.137435541 0.030121885 -0.981620014
1397124950000.000244 0.046487868 0.007901397 -0.092087224 0.130381256 -0.137217775 0.029694777 -0.981473565
1397144950000.000000 0.046327814 0.009829368 -0.094495431 0.133376017 -0.137773857 0.029493989 -0.980999172
1397164950000.000000 0.046148799 0.012431780 -0.098424196 -0.136790693 0.138285354 -0.029181771 0.980466187
1397184950000.000000 0.045984514 0.014559457 -0.100913905 -0.139284104 0.138543516 -0.028890297 0.980087280
1397204950000.000000 0.045902498 0.016834266 -0.103289984 -0.140837878 0.138363510 -0.028501201 0.979901969
1397224950000.000000 0.045854520 0.019075505 -0.105643488 -0.141829431 0.138504967 -0.028330630 0.979743958
1397244950000.000000 0.045231834 0.020377839 -0.107304208 0.141784340 -0.138264433 0.028074084 -0.979791880
1397264950000.000000 0.044945113 0.022271767 -0.109164909 0.141169906 -0.137834117 0.027941942 -0.979944944
1397284950000.000000 0.044735063 0.024276605 -0.111056656 0.140330985 -0.137202039 0.027817126 -0.980157673
1397304950000.000244 0.044526130 0.026292158 -0.113211617 0.140437827 -0.137268633 0.027625388 -0.980138481
1397324950000.000244 0.044325411 0.028248219 -0.115484767 0.140267789 -0.137157217 0.027650015 -0.980177760
1397344950000.000244 0.044091467 0.030178100 -0.117900223 0.140408114 -0.136745915 0.027427321 -0.980221331
1397364950000.000244 0.043783482 0.032101609 -0.120555453 0.141113222 -0.137011245 0.027300004 -0.980086565
1397384950000.000000 0.043428935 0.034133781 -0.123520233 0.143633455 -0.137023881 0.026788702 -0.979732811
1397404950000.000000 0.043077391 0.036269680 -0.126598090 0.146882802 -0.137487113 0.026378559 -0.979197145
1397424950000.000000 0.043062337 0.038572613 -0.131042644 -0.150635764 0.137779698 -0.026323676 0.978587091
1397444950000.000000 0.042786255 0.040869627 -0.134047508 -0.153956026 0.138230190 -0.025965389 0.978016317
1397464950000.000000 0.042415921 0.043103471 -0.137089401 -0.157370642 0.138536006 -0.025553592 0.977440178
1397484950000.000000 0.042122342 0.045320250 -0.139982626 -0.160276517 0.138727590 -0.025314443 0.976946950
1397504950000.000000 0.041576963 0.046677865 -0.142832249 -0.163065702 0.138978928 -0.024608053 0.976467609
1397524950000.000000 0.041215658 0.048553824 -0.145237774 -0.164569736 0.139089942 -0.024233161 0.976208806
1397544950000.000244 0.040894616 0.050371077 -0.147467360 -0.165162534 0.138908178 -0.023874611 0.976143420
1397564950000.000244 0.040628284 0.052275572 -0.149553090 -0.165045246 0.138611972 -0.023644529 0.976211011
1397584950000.000244 0.040430564 0.053948909 -0.151404217 0.164155796 -0.138576224 0.023792624 -0.976362348
1397604950000.000244 0.040436517 0.056068778 -0.153084785 0.163896680 -0.138468161 0.023839323 -0.976420105
1397624950000.000244 0.040695172 0.058609426 -0.155909359 -0.163758576 0.138129830 -0.023734333 0.976493716
1397644950000.000000 0.040711038 0.060995027 -0.157478616 -0.163708180 0.137972668 -0.023751006 0.976523995
1397664950000.000000 0.040810332 0.063482389 -0.158943444 -0.163598329 0.138076901 -0.023873467 0.976524711
1397684950000.000000 0.040852770 0.065927178 -0.160370693 -0.163583055 0.137930453 -0.023665929 0.976552963
1397704950000.000000 0.040892869 0.068491921 -0.162419975 -0.164344966 0.137787357 -0.023286261 0.976454377
1397724950000.000000 0.040903702 0.070993990 -0.164274052 -0.167234123 0.138185367 -0.023085760 0.975912213
1397744950000.000000 0.040946782 0.073518634 -0.166385412 -0.170791224 0.138942108 -0.022884455 0.975193262
1397764950000.000000 0.040979084 0.076013170 -0.168488830 -0.173596129 0.139344886 -0.022679389 0.974645138
1397784950000.000000 0.040903546 0.078416608 -0.170864299 0.176523104 -0.139710873 0.022375448 -0.974073887
1397804950000.000244 0.040932581 0.081372097 -0.173915312 -0.180160239 0.140256122 -0.022026602 0.973337233
1397824950000.000244 0.040742885 0.083597116 -0.175996244 -0.182920441 0.140561521 -0.021459328 0.972790897
1397844950000.000244 0.040598299 0.085813165 -0.178091913 -0.186080784 0.140919536 -0.021103017 0.972147286
1397864950000.000244 0.040523224 0.088002250 -0.180087164 -0.188810483 0.141236678 -0.020746328 0.971582413
1397884950000.000000 0.041129339 0.091110922 -0.182629168 -0.190698668 0.140991211 -0.020779027 0.971248567
1397904950000.000000 0.041107900 0.093053073 -0.184215844 -0.192464188 0.140975013 -0.020355968 0.970911562
1397924950000.000000 0.041145414 0.094886757 -0.185410038 -0.192648843 0.140635625 -0.020060886 0.970930278
1397944950000.000000 0.041188516 0.096530102 -0.186359510 -0.190919340 0.140375927 -0.020400994 0.971302330
1397964950000.000000 0.040343516 0.096672945 -0.187234208 -0.189093679 0.140281424 -0.020000251 0.971681416
1397984950000.000000 0.040327534 0.098135218 -0.187595919 -0.185485914 0.139207393 -0.020139690 0.972528040
1398004950000.000000 0.040404581 0.099619418 -0.187902912 -0.181996852 0.138085842 -0.020506132 0.973339140
1398024950000.000000 0.040497385 0.101047717 -0.188443840 -0.180253014 0.136859730 -0.021289162 0.973819852
1398044950000.000244 0.040389761 0.102670066 -0.189134583 0.179663554 -0.134711549 0.022783222 -0.974194407
1398064950000.000244 0.040486462 0.104126871 -0.190142080 -0.179474711 0.133050501 -0.023481814 0.974440873
1398084950000.000244 0.040534403 0.105825253 -0.191180289 -0.181983367 0.130950749 -0.025321092 0.974213958
1398104950000.000244 0.040433340 0.107599296 -0.192435592 -0.185222387 0.128653631 -0.026965277 0.973865390
1398124950000.000244 0.040215988 0.109343633 -0.193610474 -0.187439829 0.127597913 -0.027328847 0.973569810
1398144950000.000000 0.040207729 0.111100912 -0.195614234 -0.189611509 0.127075613 -0.028105855 0.973195434
1398164950000.000000 0.040001363 0.112575889 -0.196769372 -0.191259220 0.127354369 -0.027748184 0.972846746
1398184950000.000000 0.039878666 0.113834210 -0.197892040 -0.193223640 0.127700552 -0.027672775 0.972415268
1398204950000.000000 0.039799809 0.114937559 -0.198879510 -0.194704577 0.127775133 -0.027471045 0.972115755
1398224950000.000000 0.039710604 0.115588173 -0.199918345 0.195627898 -0.128044680 0.027314693 -0.971899271
1398244950000.000000 0.040182721 0.117402941 -0.200545281 -0.196777016 0.128263012 -0.027125217 0.971643806
1398264950000.000000 0.040092897 0.117751308 -0.201083377 -0.197703153 0.128659293 -0.026954379 0.971408188
1398284950000.000000 0.039953277 0.117926173 -0.201392338 -0.198035717 0.128585309 -0.026716135 0.971356750
1398304950000.000244 0.039762169 0.117998526 -0.201508775 -0.198050529 0.128403783 -0.026436547 0.971385419
1398324950000.000244 0.039271407 0.117744729 -0.201419011 0.197252840 -0.127907500 0.025928846 -0.971626818
1398344950000.000244 0.040132336 0.120065652 -0.201270312 -0.194995373 0.126717001 -0.025972404 0.972237170
1398364950000.000244 0.040022954 0.119789675 -0.200814247 -0.193872586 0.126313806 -0.025946245 0.972514808
1398384950000.000000 0.040001575 0.119659513 -0.200276345 -0.192232028 0.125808254 -0.026098248 0.972901881
1398404950000.000000 0.040057372 0.119587168 -0.199794754 -0.191497847 0.125807911 -0.026118549 0.973046124
1398424950000.000000 0.039994963 0.119355157 -0.199626297 0.191042572 -0.125961393 0.026605975 -0.973102629
1398444950000.000000 0.040117834 0.119382814 -0.199364096 0.190751418 -0.126058221 0.026730224 -0.973143816
1398464950000.000000 0.040226638 0.119379900 -0.199073076 0.190248266 -0.126075104 0.026836311 -0.973237157
1398484950000.000000 0.040218800 0.119357586 -0.198863000 0.189948291 -0.125984624 0.026853820 -0.973307014
1398504950000.000000 0.040145159 0.119313881 -0.198817149 0.190062150 -0.125975832 0.026788466 -0.973287642
1398524950000.000000 0.040312525 0.119045638 -0.199006304 -0.190429360 0.125916764 -0.026773538 0.973223925
1398544950000.000244 0.040233079 0.119034618 -0.199129820 -0.190856934 0.126043171 -0.026677988 0.973126411
1398564950000.000244 0.040188182 0.119018599 -0.199166998 -0.191047251 0.126028329 -0.026590075 0.973093450
1398584950000.000244 0.040193550 0.118974932 -0.199101180 -0.191080585 0.125924885 -0.026495203 0.973102808
1398604950000.000244 0.039938979 0.119251490 -0.199102029 -0.191074029 0.125881091 -0.026430814 0.973111570
1398624950000.000244 0.039973967 0.119293891 -0.199094489 -0.190850616 0.125864819 -0.026549103 0.973154306
1398644950000.000000 0.040040635 0.119529225 -0.199377880 -0.191123411 0.125846088 -0.026531493 0.973103702
1398664950000.000000 0.040072858 0.119758725 -0.199786007 -0.192174867 0.126382694 -0.026454445 0.972829103
1398684950000.000000 0.040075790 0.120596841 -0.200040281 -0.192423880 0.126299158 -0.026376585 0.972792864
1398704950000.000000 0.040158395 0.121249780 -0.200020522 -0.192388043 0.126088381 -0.026455656 0.972825170
1398724950000.000000 0.040478233 0.122161373 -0.199773535 -0.191788837 0.125952125 -0.026584586 0.972957551
1398744950000.000000 0.040905520 0.123088613 -0.199414939 -0.190922007 0.125950426 -0.026964806 0.973117828
1398764950000.000000 0.041205086 0.123937756 -0.199240625 0.190216765 -0.125772372 0.027210914 -0.973272026
1398784950000.000000 0.041530527 0.124773949 -0.199017882 0.189631715 -0.125950634 0.027366621 -0.973358870
1398804950000.000244 0.041797776 0.125589728 -0.198544666 0.188214913 -0.125900552 0.027457327 -0.973637640
1398824950000.000244 0.042030353 0.126535356 -0.197968647 0.185990065 -0.125299618 0.027503878 -0.974141300
1398844950000.000244 0.042223305 0.128452182 -0.197485507 -0.183866262 0.124989763 -0.027751632 0.974577188
1398864950000.000244 0.042663053 0.129515693 -0.196979791 -0.183063433 0.124736674 -0.027957899 0.974754810
1398884950000.000000 0.043076105 0.130682126 -0.196570650 -0.182649195 0.124598071 -0.028145155 0.974844873
1398904950000.000000 0.043413788 0.131817356 -0.196108624 -0.181996882 0.124570630 -0.028163418 0.974969864
1398924950000.000000 0.043720119 0.132063285 -0.195623219 0.180884644 -0.124618925 0.028311592 -0.975166321
1398944950000.000000 0.043778524 0.133325920 -0.195131138 -0.180472210 0.124362499 -0.028265171 0.975276828
1398964950000.000000 0.043920346 0.133940622 -0.194853887 -0.180579737 0.124339424 -0.028216783 0.975261271
1398984950000.000000 0.044103500 0.134503916 -0.194552511 -0.180232450 0.124201000 -0.028195899 0.975343823
1399004950000.000000 0.044317495 0.135131598 -0.194340587 -0.179962963 0.124100015 -0.028113158 0.975408733
1399024950000.000000 0.044559296 0.136004820 -0.194515914 -0.179575548 0.124287553 -0.028215235 0.975453377
1399044950000.000244 0.044663694 0.136353865 -0.194367468 -0.179634839 0.124392137 -0.028205156 0.975429356
1399064950000.000244 0.044716932 0.136759758 -0.194181979 -0.179438472 0.124060273 -0.028127883 0.975510061
1399084950000.000244 0.044707175 0.137096018 -0.194216058 -0.179420859 0.123816304 -0.028181652 0.975542665
1399104950000.000244 0.044709705 0.138149142 -0.194522604 -0.179765105 0.123637110 -0.027912851 0.975509763
1399124950000.000244 0.044597790 0.138360485 -0.195196897 -0.181150988 0.123980016 -0.027818486 0.975212514
1399144950000.000000 0.044548817 0.138572574 -0.195749864 -0.181612954 0.124205932 -0.027778765 0.975099027
1399164950000.000000 0.044479113 0.138954252 -0.196389079 -0.182578877 0.124188766 -0.027578127 0.974926472
1399184950000.000000 0.044317327 0.139022812 -0.197095871 0.183417395 -0.124390073 0.027491355 -0.974745810
1399204950000.000000 0.044661529 0.140513852 -0.197765961 -0.183982641 0.124441400 -0.027535392 0.974631488
1399224950000.000000 0.044612266 0.140666455 -0.198582217 -0.185487568 0.124818653 -0.027573561 0.974296927
1399244950000.000000 0.044437733 0.140804365 -0.199219123 -0.186460137 0.124800190 -0.027313575 0.974120915
1399264950000.000000 0.044206612 0.140863597 -0.199697405 -0.187108055 0.124741182 -0.027042631 0.974011838
1399284950000.000000 0.043776117 0.140107900 -0.200462475 0.187529802 -0.124782845 0.026734769 -0.973933876
1399304950000.000244 0.043595985 0.139790341 -0.200902507 0.187868118 -0.124705561 0.026576230 -0.973882854
1399324950000.000244 0.043494660 0.139568523 -0.201254472 0.188326344 -0.124725856 0.026493907 -0.973793983
1399344950000.000244 0.043569699 0.139431089 -0.201444536 0.188574895 -0.124871589 0.026611533 -0.973724067
1399364950000.000244 0.043769605 0.139354557 -0.201432362 0.188524231 -0.124976620 0.026831903 -0.973714352
1399384950000.000000 0.043943152 0.139458835 -0.201278180 0.188486561 -0.125018969 0.026965313 -0.973712504
1399404950000.000000 0.044072211 0.139710024 -0.201022610 0.188362196 -0.125045747 0.026977459 -0.973732769
1399424950000.000000 0.044151127 0.139929533 -0.200732872 0.188021198 -0.125067338 0.026913621 -0.973797679
1399444950000.000000 0.044127695 0.140094936 -0.200391263 0.187606335 -0.124973282 0.027011959 -0.973887026
1399464950000.000000 0.044112924 0.140267640 -0.200184137 0.187365592 -0.124817185 0.027066328 -0.973951876
1399484950000.000000 0.044123799 0.140446290 -0.200069457 0.187171847 -0.124435008 0.027268663 -0.974032402
1399504950000.000000 0.044264104 0.140597209 -0.200066224 0.187352479 -0.123302691 0.028301230 -0.974112213
1399524950000.000000 0.044286322 0.140624821 -0.200044945 0.187561199 -0.121489085 0.029569063 -0.974262238
1399544950000.000244 0.043753114 0.140230760 -0.199971244 -0.186838344 0.119209841 -0.030533230 0.974652886
1399564950000.000244 0.043393485 0.140170932 -0.199682549 -0.185704589 0.117487833 -0.030972710 0.975064754
1399584950000.000244 0.043107089 0.140176848 -0.199556604 -0.185406953 0.116676718 -0.031240251 0.975210190
1399604950000.000244 0.042883832 0.140207976 -0.199409261 -0.184971452 0.116286702 -0.031639323 0.975326598
1399624950000.000244 0.043287206 0.139364928 -0.199496359 0.184672982 -0.115798414 0.032144237 -0.975424707
1399644950000.000000 0.043109369 0.139430165 -0.198976964 -0.183879927 0.115314826 -0.032446265 0.975621819
1399664950000.000000 0.043152876 0.139215544 -0.198450640 -0.182219431 0.115000606 -0.032656323 0.975963414
1399684950000.000000 0.043081131 0.139079019 -0.197872102 -0.180476204 0.114791922 -0.032735750 0.976309180
1399704950000.000000 0.042904831 0.138986781 -0.197271049 -0.178761318 0.114433847 -0.032631941 0.976670086
1399724950000.000000 0.042608008 0.138553217 -0.196832910 0.178005338 -0.114294633 0.032467093 -0.976829946
1399744950000.000000 0.042993911 0.138709411 -0.196398959 -0.178005755 0.114130370 -0.032457475 0.976849377
1399764950000.000000 0.042973109 0.138638556 -0.196617723 -0.178372592 0.114315577 -0.032523688 0.976758659
1399784950000.000000 0.042978738 0.138529107 -0.196917892 -0.178844750 0.114554763 -0.032592706 0.976642013
1399804950000.000244 0.042889073 0.138356715 -0.197130486 -0.179154128 0.114712797 -0.032665931 0.976564288
1399824950000.000244 0.042673394 0.138206407 -0.197292253 -0.179345638 0.114668772 -0.032558374 0.976537943
1399844950000.000244 0.041975550 0.137793407 -0.197585940 0.179628938 -0.114634104 0.032331865 -0.976497412
1399864950000.000244 0.041781690 0.137710407 -0.197631478 0.179816082 -0.114712834 0.032225695 -0.976457179
1399884950000.000000 0.041095942 0.137336910 -0.197933406 0.179766983 -0.114914134 0.032282241 -0.976440728
1399904950000.000000 0.041889057 0.137528166 -0.197375402 0.179621324 -0.114872061 0.032420225 -0.976467907
1399924950000.000000 0.042076036 0.137549281 -0.197183952 0.179513291 -0.114972651 0.032572422 -0.976470888
1399944950000.000000 0.042239457 0.137555912 -0.196905211 0.179243773 -0.114975832 0.032681722 -0.976516366
1399964950000.000000 0.042303987 0.137520701 -0.196650222 0.179010630 -0.114896536 0.032689147 -0.976568162
1399984950000.000000 0.042269416 0.137572393 -0.196538478 0.179022059 -0.114841893 0.032581877 -0.976576090
1400004950000.000000 0.042196751 0.137646332 -0.196601108 0.179240480 -0.114770919 0.032444187 -0.976548970
1400024950000.000000 0.042137086 0.137611076 -0.196642503 0.179467082 -0.114564277 0.032454215 -0.976531267
1400044950000.000244 0.042182714 0.137572318 -0.196742505 0.179678649 -0.114392176 0.032521356 -0.976510346
1400064950000.000244 0.042351261 0.137564763 -0.196959436 0.179879054 -0.114433803 0.032590762 -0.976466298
1400084950000.000244 0.042508993 0.137567922 -0.197059512 0.179932699 -0.114572234 0.032687992 -0.976436853
1400104950000.000244 0.042637609 0.137508303 -0.197052896 0.179894030 -0.114564985 0.032874040 -0.976438642
1400124950000.000244 0.042777713 0.137392402 -0.197009027 0.179834291 -0.114478081 0.033086225 -0.976452649
1400144950000.000000 0.042867742 0.137414873 -0.196883217 0.179716751 -0.114354663 0.033346009 -0.976479888
1400164950000.000000 0.042871013 0.137389421 -0.196696863 0.179506600 -0.114055552 0.033721805 -0.976540685
1400184950000.000000 0.043063156 0.137214333 -0.196369410 0.179273561 -0.112573795 0.035011873 -0.976710021
1400204950000.000000 0.043276146 0.136998445 -0.195835233 0.178487509 -0.108971350 0.037085164 -0.977185845
1400224950000.000000 0.043126918 0.136582717 -0.195049688 0.177436680 -0.104607686 0.039335687 -0.977765918
1400244950000.000000 0.041756004 0.135561198 -0.193427578 -0.175308973 0.099223830 -0.041716326 0.978611827
1400264950000.000000 0.041518658 0.134962872 -0.191786095 -0.172009572 0.092572317 -0.045899596 0.979661345
1400284950000.000000 0.041046217 0.134228036 -0.189904243 -0.168666855 0.084873557 -0.049774118 0.980749965
1400304950000.000244 0.040234156 0.133458585 -0.187677458 -0.164042085 0.076766461 -0.053530101 0.982003927
1400324950000.000244 0.038440902 0.132340431 -0.185320571 -0.159646660 0.068052903 -0.057475366 0.983147204
1400344950000.000244 0.037702594 0.131661862 -0.183487833 -0.156187400 0.060651552 -0.060886890 0.983981609
1400364950000.000244 0.037029289 0.131147578 -0.182162479 -0.153568611 0.054510340 -0.063724473 0.984573245
1400384950000.000000 0.036399521 0.130857319 -0.181464225 -0.153375730 0.049681418 -0.066309392 0.984688163
1400404950000.000000 0.035528835 0.130812526 -0.181129798 -0.153093234 0.046339110 -0.067835249 0.984791160
1400424950000.000000 0.035189472 0.130590796 -0.181314424 -0.153842121 0.044566471 -0.068724796 0.984694600
1400444950000.000000 0.034970634 0.130406752 -0.181741133 -0.154911473 0.044004880 -0.069361433 0.984507501
1400464950000.000000 0.034729637 0.130264491 -0.182167009 -0.155192941 0.044590130 -0.068967335 0.984464526
1400484950000.000000 0.034097459 0.129654229 -0.182602078 0.155306369 -0.045195781 0.068968266 -0.984418988
1400504950000.000000 0.033890635 0.129378214 -0.182814643 0.155291170 -0.045354117 0.069025934 -0.984409988
1400524950000.000000 0.033660293 0.129177406 -0.182881743 0.155249670 -0.045456905 0.069134429 -0.984404206
1400544950000.000244 0.033402972 0.129082099 -0.182830840 0.155106246 -0.045595419 0.069085337 -0.984423935
1400564950000.000244 0.033092514 0.129033267 -0.182720393 0.154902458 -0.045727946 0.068922132 -0.984461308
1400584950000.000244 0.032806769 0.129021361 -0.182680398 0.154874250 -0.045713414 0.068726338 -0.984480023
1400604950000.000244 0.032552965 0.129133552 -0.182749063 0.155101642 -0.045627754 0.068518326 -0.984462738
1400624950000.000244 0.032415573 0.129244387 -0.182856202 0.155360058 -0.045694541 0.068323262 -0.984432459
1400644950000.000000 0.032382391 0.129370794 -0.182914034 0.155547291 -0.045754254 0.068209521 -0.984407961
1400664950000.000000 0.032395054 0.129528373 -0.182911396 0.155709565 -0.045807187 0.068094514 -0.984387815
1400684950000.000000 0.032456815 0.129690886 -0.182823062 0.155774325 -0.045941751 0.067875035 -0.984386444
1400704950000.000000 0.032521714 0.129812941 -0.182787627 0.155703813 -0.046362210 0.067508131 -0.984403193
1400724950000.000000 0.032636769 0.130005777 -0.182666406 0.155554727 -0.046972673 0.067030236 -0.984430492
1400744950000.000000 0.032734532 0.130223572 -0.182542801 0.155414805 -0.047466863 0.066507764 -0.984464288
1400764950000.000000 0.032695375 0.130382374 -0.182549030 0.155456752 -0.048562072 0.065489002 -0.984472573
1400784950000.000000 0.032891721 0.130434066 -0.182636231 0.155395895 -0.049750015 0.064958744 -0.984457970
1400804950000.000244 0.033180811 0.130403623 -0.182630911 0.155123398 -0.051257562 0.064292394 -0.984467328
1400824950000.000244 0.033580147 0.130340427 -0.182763934 0.154833913 -0.052776232 0.063722886 -0.984469771
1400844950000.000244 0.033836886 0.130356118 -0.182882443 0.154795870 -0.054175366 0.062914647 -0.984451652
1400864950000.000244 0.034199521 0.130420819 -0.183040291 0.155197397 -0.055234145 0.062672481 -0.984345078
1400884950000.000000 0.034643728 0.130608544 -0.183379471 0.156598896 -0.055655017 0.063020572 -0.984077156
1400904950000.000000 0.037035555 0.132562041 -0.185028717 -0.157807499 0.055840705 -0.063025169 0.983873248
1400924950000.000000 0.037110891 0.132864103 -0.185664415 -0.159509405 0.056290697 -0.063035727 0.983572364
1400944950000.000000 0.037145156 0.133204997 -0.186113849 -0.161097080 0.056628641 -0.062982775 0.983297586
1400964950000.000000 0.037269574 0.133575156 -0.186601132 -0.162549734 0.056952287 -0.063035339 0.983036399
1400984950000.000000 0.036858950 0.133159459 -0.187347934 0.163526952 -0.057254799 0.063123435 -0.982851088
1401004950000.000000 0.036952656 0.133050695 -0.187444642 0.163533941 -0.057261858 0.063239969 -0.982842028
1401024950000.000000 0.036910012 0.133094430 -0.186828226 -0.162909538 0.057188589 -0.063327454 0.982944429
1401044950000.000244 0.036904592 0.133034617 -0.186892018 -0.162822738 0.057088401 -0.063323818 0.982964873
1401064950000.000244 0.036858592 0.133114144 -0.187109932 -0.162962869 0.057099186 -0.063265502 0.982944727
1401084950000.000244 0.036784943 0.133285046 -0.187389076 -0.163360685 0.057243012 -0.063233651 0.982872367
1401104950000.000244 0.036918491 0.132854477 -0.187813863 0.163456976 -0.057240199 0.063147262 -0.982862055
1401124950000.000244 0.036884282 0.132778153 -0.187880725 0.163328424 -0.057138611 0.063094236 -0.982892752
1401144950000.000000 0.036922865 0.132702440 -0.187855706 0.163145095 -0.057049863 0.063161880 -0.982923985
1401164950000.000000 0.037001342 0.132606626 -0.187901497 0.163110837 -0.057092447 0.063347138 -0.982915342
1401184950000.000000 0.036965366 0.132409811 -0.188136965 0.163282022 -0.057074249 0.063347332 -0.982887983
1401204950000.000000 0.036843035 0.132186338 -0.188302085 0.163412005 -0.057064943 0.063199677 -0.982876360
1401224950000.000000 0.036757864 0.131918669 -0.188403428 0.163171262 -0.057257183 0.063171379 -0.982907057
1401244950000.000000 0.036665935 0.131454706 -0.188512981 0.163074717 -0.057367284 0.063286901 -0.982909143
1401264950000.000000 0.036357030 0.130781010 -0.188756481 0.163603857 -0.057139300 0.063138939 -0.982844055
1401284950000.000000 0.036366843 0.130075559 -0.189608485 0.163677216 -0.056976989 0.062925376 -0.982854903
1401304950000.000244 0.035398651 0.128577113 -0.188313946 -0.164328292 0.057354990 -0.062937573 0.982723534
1401324950000.000244 0.034934781 0.127936155 -0.189195603 -0.165109068 0.057506625 -0.062657274 0.982601762
1401344950000.000244 0.034361474 0.127404884 -0.190103978 -0.165883318 0.057246044 -0.062298302 0.982509315
1401364950000.000244 0.033845838 0.127130225 -0.191437349 -0.167846337 0.057413310 -0.061865047 0.982193530
1401384950000.000000 0.033190433 0.127400249 -0.194774881 -0.169888228 0.057561770 -0.061215393 0.981874406
1401404950000.000000 0.032751590 0.126994237 -0.196742907 -0.172313556 0.057810299 -0.060925148 0.981455147
1401424950000.000000 0.032338109 0.126462519 -0.198602632 -0.174537897 0.058390759 -0.060705442 0.981041253
1401444950000.000000 0.031686801 0.125857309 -0.200272575 -0.175937951 0.058339201 -0.060204282 0.980825067
1401464950000.000000 0.030978400 0.125254229 -0.201242164 -0.177797452 0.058256373 -0.059508812 0.980537117
1401484950000.000000 0.030378211 0.124793582 -0.203163639 -0.180140138 0.058290794 -0.059111223 0.980131447
1401504950000.000000 0.029856293 0.124306791 -0.204817131 -0.181864277 0.058606610 -0.058677081 0.979820311
1401524950000.000000 0.029300833 0.123846166 -0.206200361 -0.183305293 0.058540624 -0.058148958 0.979587078
1401544950000.000244 0.028916890 0.123105526 -0.208025649 0.184950680 -0.058623318 0.057831481 -0.979291677
1401564950000.000244 0.028602714 0.123555526 -0.208339870 -0.186194226 0.058980219 -0.057681508 0.979043365
1401584950000.000244 0.028506890 0.123322807 -0.209157422 -0.186961263 0.059179194 -0.057623729 0.978888571
1401604950000.000244 0.028545111 0.123235464 -0.209507063 -0.187074602 0.059195083 -0.057736684 0.978859365
1401624950000.000244 0.028722636 0.123237222 -0.209366649 -0.186413720 0.059389498 -0.058031421 0.978956163
1401644950000.000000 0.029127449 0.123114564 -0.208896026 0.185430348 -0.059446167 0.058374435 -0.979119122
1401664950000.000000 0.029441006 0.123087168 -0.208641171 0.185203552 -0.059530240 0.058727641 -0.979135811
1401684950000.000000 0.029602280 0.122854784 -0.208309919 0.185110331 -0.059734292 0.058929119 -0.979128897
1401704950000.000000 0.029607616 0.122389488 -0.207567051 0.183972910 -0.059611380 0.058976293 -0.979347885
1401724950000.000000 0.029520145 0.121654302 -0.205498546 -0.182482928 0.059373867 -0.059041243 0.979637086
1401744950000.000000 0.029553339 0.121121742 -0.204249337 -0.180429220 0.059005000 -0.059255637 0.980026782
1401764950000.000000 0.029786656 0.120657235 -0.202946439 -0.178944141 0.058651738 -0.059716001 0.980292320
1401784950000.000000 0.030143937 0.120183639 -0.201328680 -0.176734328 0.058566019 -0.060329325 0.980660677
1401804950000.000244 0.030581485 0.119265236 -0.201190218 0.175082147 -0.058631483 0.060825706 -0.980922461
1401824950000.000244 0.030921735 0.118676424 -0.199504331 0.173131406 -0.058607675 0.061230890 -0.981244922
1401844950000.000244 0.031142918 0.118124515 -0.197788358 0.170445085 -0.058139037 0.061551623 -0.981722891
1401864950000.000244 0.031264514 0.117464401 -0.196319833 0.168744892 -0.057884224 0.061795853 -0.982016265
1401884950000.000000 0.031436551 0.116140962 -0.193189278 -0.166377544 0.057667769 -0.062163197 0.982409716
1401904950000.000000 0.031532839 0.115338340 -0.191863939 -0.165025830 0.057391807 -0.062564418 0.982628286
1401924950000.000000 0.031763840 0.114471108 -0.190354645 -0.163073286 0.057418443 -0.063001923 0.982924759
1401944950000.000000 0.032073773 0.113526605 -0.188851088 -0.161105394 0.057425547 -0.063549906 0.983213544
1401964950000.000000 0.032134503 0.112300776 -0.187689751 -0.160575986 0.057704411 -0.063801453 0.983267486
1401984950000.000000 0.032210987 0.111298315 -0.187804714 0.161245391 -0.057844225 0.064141870 -0.983127594
1402004950000.000000 0.032250900 0.110224202 -0.187174797 0.161224067 -0.058539491 0.064657062 -0.983056188
1402024950000.000000 0.032293264 0.109183557 -0.186364323 0.160385862 -0.058764230 0.065217979 -0.983142793
1402044950000.000244 0.032132488 0.108140901 -0.185760036 0.160331190 -0.058484934 0.065201432 -0.983169496
1402064950000.000244 0.031965476 0.107144333 -0.185321406 0.160615429 -0.058269013 0.065265484 -0.983131707
1402084950000.000244 0.031943463 0.106173255 -0.184649080 0.160048112 -0.058748014 0.065593608 -0.983173847
1402104950000.000244 0.031835280 0.105303459 -0.183902949 0.158574790 -0.058693562 0.065548003 -0.983418822
1402124950000.000244 0.031579629 0.104521878 -0.183544606 0.158651814 -0.057893865 0.065441057 -0.983460963
1402144950000.000000 0.031507224 0.103968926 -0.183035687 0.158284664 -0.057977863 0.065529667 -0.983509243
1402164950000.000000 0.031425081 0.103252456 -0.183840826 0.157492369 -0.058373481 0.065703765 -0.983601451
1402184950000.000000 0.032082401 0.103166193 -0.182382628 -0.157425001 0.057543445 -0.065552168 0.983671188
1402204950000.000000 0.031849314 0.102696553 -0.182492346 -0.158447862 0.057675142 -0.065568633 0.983498156
1402224950000.000000 0.031920709 0.102419272 -0.182394549 -0.159186944 0.058530945 -0.065870240 0.983308077
1402244950000.000000 0.031981669 0.102158174 -0.182434723 -0.160993218 0.059163604 -0.065742411 0.982984662
1402264950000.000000 0.031604748 0.101071507 -0.183605671 0.162758157 -0.059170760 0.065504551 -0.982709467
1402284950000.000000 0.031417567 0.100328386 -0.183842301 0.163126245 -0.058900982 0.065501139 -0.982664764
1402304950000.000244 0.031401865 0.099557713 -0.183899790 0.162869468 -0.059323899 0.065764643 -0.982664406
1402324950000.000244 0.031369612 0.098799318 -0.183653325 0.162602171 -0.059674568 0.066022158 -0.982670128
1402344950000.000244 0.031191895 0.097995296 -0.183003291 0.161697060 -0.059236031 0.065933086 -0.982851982
1402364950000.000244 0.030429315 0.096029930 -0.182872400 0.160629049 -0.058861189 0.066094704 -0.983038783
1402384950000.000000 0.030931316 0.096452087 -0.181532398 0.159788832 -0.058858853 0.066356651 -0.983158231
1402404950000.000000 0.031049257 0.095749192 -0.180508614 0.158477172 -0.058887064 0.066717304 -0.983344376
1402424950000.000000 0.031080380 0.094947539 -0.179502040 0.157458708 -0.058540091 0.066796072 -0.983523369
1402444950000.000000 0.031108674 0.094124235 -0.178501874 0.156600267 -0.058483783 0.067103274 -0.983642817
1402464950000.000000 0.031470902 0.093385153 -0.177350730 0.155664861 -0.059006672 0.067834258 -0.983709931
1402484950000.000000 0.031875569 0.092776023 -0.176216379 0.154894903 -0.059453823 0.068506397 -0.983758032
1402504950000.000000 0.031983729 0.091989428 -0.175415695 0.155069754 -0.059320588 0.068527646 -0.983736992
1402524950000.000000 0.031970117 0.091281623 -0.174972877 0.156150654 -0.059501261 0.068690449 -0.983543694
1402544950000.000244 0.031965837 0.090625636 -0.174577802 0.156875774 -0.060309034 0.068990029 -0.983358145
1402564950000.000244 0.031906199 0.089988388 -0.174123630 0.157235846 -0.060517509 0.069206931 -0.983272612
1402584950000.000244 0.031788383 0.089350477 -0.173772857 0.156613931 -0.059853539 0.069137737 -0.983417392
1402604950000.000244 0.031578362 0.088589452 -0.173601344 0.156256959 -0.059625834 0.068946876 -0.983501315
1402624950000.000244 0.031384993 0.087988608 -0.173651621 0.156334952 -0.060127474 0.069073722 -0.983449459
1402644950000.000000 0.031238167 0.087393910 -0.173676491 0.156314597 -0.060351450 0.069285363 -0.983424127
1402664950000.000000 0.030940875 0.086762279 -0.173998117 0.156727001 -0.060035177 0.069054954 -0.983394086
1402684950000.000000 0.031084085 0.086631037 -0.175153524 -0.157207713 0.059753511 -0.068734214 0.983356953
1402704950000.000000 0.030805901 0.086061895 -0.175603077 -0.157268345 0.060221706 -0.068771288 0.983316123
1402724950000.000000 0.030434797 0.085492373 -0.176134005 -0.158125177 0.060360640 -0.068643183 0.983179092
1402744950000.000000 0.029992588 0.084800772 -0.176644236 -0.158846423 0.059750423 -0.068231300 0.983128846
1402764950000.000000 0.029877257 0.083730653 -0.177406341 0.159384549 -0.059611220 0.068653874 -0.983020782
1402784950000.000000 0.029806726 0.083240144 -0.177745372 0.159296304 -0.060353722 0.068686180 -0.982987463
1402804950000.000244 0.029552978 0.082820676 -0.178378671 0.160021514 -0.059981834 0.068491042 -0.982906103
1402824950000.000244 0.029364370 0.082522318 -0.179161325 0.161571994 -0.059146695 0.068847001 -0.982678175
1402844950000.000244 0.028737804 0.080419250 -0.180795789 0.162554815 -0.059661906 0.068843029 -0.982485175
1402864950000.000244 0.028730121 0.082040071 -0.180544883 0.162889317 -0.059910819 0.068205364 -0.982459068
1402884950000.000000 0.028382190 0.081915751 -0.181323051 0.163847238 -0.059323981 0.067955576 -0.982352734
1402904950000.000000 0.028209001 0.081915602 -0.182151169 0.165391043 -0.059276380 0.068026595 -0.982091904
1402924950000.000000 0.028111562 0.081770368 -0.182877615 0.166396290 -0.059578683 0.067849725 -0.981916070
1402944950000.000000 0.029308960 0.083452955 -0.183401316 -0.165426672 0.058591306 -0.068335652 0.982105613
1402964950000.000000 0.029216219 0.083480664 -0.183919445 -0.166266948 0.058864132 -0.068291925 0.981950402
1402984950000.000000 0.028946277 0.083423294 -0.184403226 -0.166976243 0.059180927 -0.067783393 0.981846213
1403004950000.000000 0.028637059 0.083319105 -0.184935540 -0.167739764 0.059054431 -0.067542031 0.981740355
1403024950000.000000 0.028357998 0.082126953 -0.185881674 0.168786094 -0.058911767 0.067418426 -0.981578052
1403044950000.000244 0.027144006 0.080752857 -0.184760734 -0.169698969 0.059806891 -0.066961385 0.981397748
1403064950000.000244 0.027425915 0.080437481 -0.184034288 -0.168751776 0.059806846 -0.067427985 0.981529176
1403084950000.000244 0.027811240 0.080088861 -0.182940662 -0.167250454 0.059745930 -0.068024226 0.981748641
1403104950000.000244 0.028155245 0.079648763 -0.181638330 -0.165767461 0.059889194 -0.068521298 0.981956899
1403124950000.000244 0.028396387 0.078649238 -0.180272192 0.163740501 -0.060163245 0.068625748 -0.982272923
1403144950000.000000 0.028543126 0.077856109 -0.178707451 0.161616936 -0.060391117 0.068793006 -0.982598841
1403164950000.000000 0.028682277 0.076941960 -0.177052200 0.159804374 -0.060176827 0.068996690 -0.982894063
1403184950000.000000 0.028891513 0.075832814 -0.175184235 0.157495901 -0.059670381 0.069721535 -0.983246386
1403204950000.000000 0.030361183 0.075970165 -0.174119771 0.153497517 -0.058598462 0.071061328 -0.983847141
1403224950000.000000 0.029618122 0.073563427 -0.170982152 0.152332619 -0.059004486 0.071560189 -0.983967721
1403244950000.000000 0.031229222 0.073938847 -0.169906780 0.149403721 -0.059289090 0.072310552 -0.984344780
1403264950000.000000 0.031832002 0.073052824 -0.167854965 0.148853689 -0.059931915 0.073166378 -0.984325945
1403284950000.000000 0.031068621 0.070369139 -0.166130051 0.150416791 -0.061551921 0.072993927 -0.984001100
1403304950000.000244 0.032947138 0.071167007 -0.164289325 0.149898663 -0.061697334 0.074067593 -0.983990788
1403324950000.000244 0.033510890 0.070145421 -0.162679523 0.150982603 -0.062406547 0.074843071 -0.983721673
1403344950000.000244 0.032976251 0.067822494 -0.159824610 0.152299821 -0.063919142 0.075039610 -0.983406365
1403364950000.000244 0.033572786 0.066676274 -0.157762513 0.151323974 -0.064506315 0.075757101 -0.983463705
1403384950000.000000 0.035204381 0.066727407 -0.156346634 0.148316592 -0.063828722 0.076974981 -0.983871460
1403404950000.000000 0.034318812 0.063972928 -0.152954921 0.147664025 -0.064252689 0.076719083 -0.983961999
1403424950000.000000 0.034302041 0.062201016 -0.150876850 0.146232352 -0.063942283 0.076796889 -0.984189868
1403444950000.000000 0.035356674 0.061292883 -0.149785474 0.142667770 -0.063296206 0.077782989 -0.984677315
1403464950000.000000 0.034112122 0.057348400 -0.147880495 0.141856864 -0.064008914 0.077746093 -0.984751284
1403484950000.000000 0.034173720 0.055622887 -0.145254329 0.141476527 -0.063769221 0.077947833 -0.984805644
1403504950000.000000 0.035280127 0.054801352 -0.144878179 0.139876187 -0.062999830 0.079227656 -0.984981596
1403524950000.000000 0.035516001 0.053021412 -0.143617019 0.139236405 -0.063615456 0.079865582 -0.984981179
1403544950000.000244 0.035786763 0.051779561 -0.142794520 -0.139287591 0.064172022 -0.080045328 0.984923244
1403564950000.000244 0.035686862 0.050259989 -0.142086446 -0.140546009 0.064434864 -0.080092266 0.984723449
1403584950000.000244 0.035668764 0.048962090 -0.141507223 -0.141370431 0.064788014 -0.080237336 0.984570503
1403604950000.000244 0.035551846 0.047703452 -0.140971109 -0.141751766 0.065426737 -0.080380097 0.984461725
1403624950000.000244 0.035338458 0.046172306 -0.141253516 0.142912179 -0.065578997 0.080402657 -0.984281957
1403644950000.000000 0.035351854 0.044839352 -0.140923262 0.142448291 -0.065601490 0.080916531 -0.984305620
1403664950000.000000 0.035368361 0.043548599 -0.140621617 0.141671017 -0.065955095 0.081175148 -0.984372854
1403684950000.000000 0.035172664 0.042343896 -0.140447155 0.141682893 -0.066085421 0.081137538 -0.984365523
1403704950000.000000 0.034849942 0.041396849 -0.140232250 0.141978607 -0.065791816 0.080961585 -0.984357119
1403724950000.000000 0.034652758 0.040586710 -0.140003800 0.142667711 -0.066189393 0.080850840 -0.984239817
1403744950000.000000 0.034472037 0.039756075 -0.139872804 0.142688096 -0.066048495 0.080764368 -0.984253466
1403764950000.000000 0.034349713 0.038976915 -0.139693066 0.142275259 -0.065724388 0.080758892 -0.984335423
1403784950000.000000 0.034405053 0.038263716 -0.139322296 0.141755581 -0.065973081 0.081010692 -0.984373033
1403804950000.000244 0.034326263 0.037717514 -0.139001682 0.140898451 -0.065683365 0.081026189 -0.984514177
1403824950000.000244 0.034210719 0.037192825 -0.138824373 0.141377077 -0.065640591 0.081033468 -0.984447837
1403844950000.000244 0.034229700 0.036848858 -0.138423249 0.140834674 -0.065689757 0.081081435 -0.984518349
1403864950000.000244 0.034275386 0.036509048 -0.137418330 0.139499485 -0.065113351 0.081298441 -0.984728813
1403884950000.000000 0.034388918 0.036114704 -0.136211053 0.137854353 -0.064889707 0.081540063 -0.984955251
1403904950000.000000 0.034588579 0.035610870 -0.135092691 0.135983005 -0.064782172 0.081988312 -0.985185266
1403924950000.000000 0.034678049 0.035013556 -0.134267136 0.135624349 -0.065252423 0.082304098 -0.985177279
1403944950000.000000 0.034749895 0.034319840 -0.133331507 0.135045111 -0.065227300 0.082467489 -0.985244811
1403964950000.000000 0.034836058 0.033532761 -0.132176608 0.134364039 -0.065127358 0.082542568 -0.985338211
1403984950000.000000 0.034980174 0.032663435 -0.130956948 0.133139729 -0.065093495 0.082925312 -0.985474527
1404004950000.000000 0.035222292 0.031629249 -0.129416570 0.131265774 -0.065066658 0.083274983 -0.985698223
1404024950000.000000 0.035424899 0.030507050 -0.127650425 0.128867567 -0.064839430 0.083832249 -0.985982358
1404044950000.000244 0.035708766 0.028305544 -0.125929058 -0.126767173 0.064942680 -0.084299974 0.986207902
1404064950000.000244 0.036038578 0.026932709 -0.123940282 -0.124986358 0.065303124 -0.084843293 0.986364841
1404084950000.000244 0.036342941 0.025646061 -0.121940620 -0.123507790 0.065322824 -0.085345387 0.986506462
1404104950000.000244 0.036567591 0.024258200 -0.120122269 -0.123719372 0.065784603 -0.085691147 0.986419320
1404124950000.000244 0.036869716 0.022754520 -0.118526645 -0.124498807 0.066528745 -0.086244285 0.986223102
1404144950000.000000 0.037106197 0.021813920 -0.117654324 0.124937423 -0.067560218 0.086984359 -0.986032426
1404164950000.000000 0.037679099 0.020417016 -0.116290785 0.125106186 -0.069172412 0.088080212 -0.985801995
1404184950000.000000 0.038236629 0.019120192 -0.114592403 0.124518685 -0.069747522 0.088792264 -0.985772014
1404204950000.000000 0.038615409 0.017716359 -0.112782873 0.123673171 -0.069993638 0.089249820 -0.985819697
1404224950000.000000 0.038875524 0.016291318 -0.110993028 0.122328177 -0.069991648 0.089624986 -0.985953510
1404244950000.000000 0.039172232 0.014823294 -0.109151870 0.120991871 -0.070218362 0.089974910 -0.986070454
1404264950000.000000 0.039437372 0.013316134 -0.107266277 0.119674839 -0.070538126 0.090264134 -0.986181915
1404284950000.000000 0.039757289 0.011674288 -0.105209723 0.117595285 -0.070487775 0.090910763 -0.986376226
1404304950000.000244 0.040126283 0.010074578 -0.103291184 0.116314188 -0.070687935 0.091586940 -0.986451268
1404324950000.000244 0.040596575 0.008462682 -0.101377018 0.114725955 -0.070736900 0.092194766 -0.986577094
1404344950000.000244 0.040988576 0.006841196 -0.099561214 0.113471530 -0.071395122 0.092806675 -0.986617386
1404364950000.000244 0.041331269 0.005242626 -0.097757563 0.112292461 -0.071746118 0.093423024 -0.986668646
1404384950000.000000 0.041682098 0.003618009 -0.095789194 0.109701976 -0.071520351 0.094075866 -0.986914396
1404404950000.000000 0.041894767 0.002033731 -0.093882158 0.107160963 -0.071661510 0.094534852 -0.987139463
1404424950000.000000 0.042125717 0.000609491 -0.092229582 0.105093144 -0.071418330 0.095140792 -0.987321198
1404444950000.000000 0.042394694 -0.000788552 -0.090813585 0.103848994 -0.071869500 0.095700540 -0.987365961
1404464950000.000000 0.042674541 -0.002162345 -0.089397006 0.102211356 -0.072033495 0.096299872 -0.987466633
1404484950000.000000 0.042816229 -0.003505704 -0.088068590 0.100985043 -0.072055444 0.096498802 -0.987571836
1404504950000.000000 0.042967759 -0.004656310 -0.086855501 0.099986002 -0.072189055 0.096767798 -0.987637401
1404524950000.000000 0.043114025 -0.005857350 -0.085675597 0.099716969 -0.072668180 0.097120725 -0.987594783
1404544950000.000244 0.043055661 -0.006781032 -0.083947510 -0.098304987 0.072730571 -0.097597264 0.987684786
1404564950000.000244 0.043136787 -0.007953418 -0.082797572 -0.097255670 0.072943471 -0.097593851 0.987773359
1404584950000.000244 0.043223035 -0.008900922 -0.081922084 -0.097218260 0.073294267 -0.097579680 0.987752438
1404604950000.000244 0.043369897 -0.009903196 -0.080963008 -0.097082272 0.073528863 -0.097922929 0.987714410
1404624950000.000244 0.043588124 -0.010835789 -0.079983220 -0.096339658 0.074143246 -0.098104812 0.987723112
1404644950000.000000 0.043544531 -0.011689109 -0.079804063 0.095321856 -0.074692123 0.097588368 -0.987831712
1404664950000.000000 0.043538626 -0.012533280 -0.079160891 0.095213994 -0.076163433 0.096603796 -0.987826526
1404684950000.000000 0.043597855 -0.013319310 -0.078380913 0.094518736 -0.076740868 0.096066184 -0.987901032
1404704950000.000000 0.043561079 -0.013795984 -0.077777095 0.094718963 -0.077514641 0.094895259 -0.987934649
1404724950000.000000 0.043338437 -0.014117318 -0.077186711 0.094155706 -0.078412525 0.091984496 -0.988192856
1404744950000.000000 0.043236334 -0.014427676 -0.076791584 0.094157934 -0.080328479 0.089663684 -0.988252103
1404764950000.000000 0.043317981 -0.014848292 -0.076170683 0.093427114 -0.080406822 0.088933878 -0.988380969
1404784950000.000000 0.043260474 -0.015270383 -0.075503722 0.093079560 -0.079972871 0.088681765 -0.988471627
1404804950000.000244 0.043000963 -0.015450608 -0.074776247 0.092439547 -0.078406394 0.088239141 -0.988696754
1404824950000.000244 0.042690106 -0.015658455 -0.074172564 0.092056662 -0.077810012 0.087791950 -0.988819420
1404844950000.000244 0.042457897 -0.015779909 -0.073737964 0.092015602 -0.077495344 0.087414786 -0.988881350
1404864950000.000244 0.042173393 -0.015725892 -0.073441327 0.092145033 -0.076563999 0.087024033 -0.988976300
1404884950000.000000 0.041760881 -0.015593819 -0.073238589 0.092737481 -0.075502209 0.086556010 -0.989043653
1404904950000.000000 0.041337945 -0.015449107 -0.073224999 0.093361080 -0.074876532 0.085971363 -0.989083588
1404924950000.000000 0.040940490 -0.015196565 -0.073109180 0.093799092 -0.073671043 0.085342444 -0.989187062
1404944950000.000000 0.040658437 -0.015101264 -0.073057353 0.094014287 -0.073373407 0.084871106 -0.989229262
1404964950000.000000 0.040429689 -0.015113400 -0.072929353 0.093947873 -0.073101044 0.084623955 -0.989277005
1404984950000.000000 0.040121317 -0.015012774 -0.072731487 0.093892582 -0.072292425 0.084233984 -0.989374876
1405004950000.000000 0.039726567 -0.014879053 -0.072514363 0.093801931 -0.071247093 0.083751552 -0.989500284
1405024950000.000000 0.039447498 -0.014800237 -0.072415501 0.093677759 -0.070537999 0.083328471 -0.989598572
1405044950000.000244 0.038927980 -0.014939283 -0.072971545 -0.093647920 0.070136532 -0.083045438 0.989653707
1405064950000.000244 0.038697436 -0.014930163 -0.072874792 -0.093584873 0.069472164 -0.082760237 0.989730418
1405084950000.000244 0.038547024 -0.014891531 -0.072838239 -0.093492687 0.069313541 -0.082740672 0.989751875
1405104950000.000244 0.038602334 -0.014807193 -0.072877184 -0.093341149 0.069665156 -0.082878456 0.989729941
1405124950000.000244 0.038627304 -0.014815615 -0.072910145 -0.093408398 0.069890380 -0.082937941 0.989702761
1405144950000.000000 0.038507763 -0.015031866 -0.073609129 0.093533382 -0.069743313 0.082875349 -0.989706576
1405164950000.000000 0.038478307 -0.015060838 -0.073599800 0.093597800 -0.069583640 0.082798153 -0.989718199
1405184950000.000000 0.038478278 -0.015284007 -0.073397443 0.093537487 -0.069992974 0.082853533 -0.989690363
1405204950000.000000 0.038542975 -0.015606971 -0.072972544 0.093498886 -0.070261061 0.082734123 -0.989685059
1405224950000.000000 0.038715750 -0.015931254 -0.072539218 0.094618410 -0.070406012 0.082978129 -0.989547849
1405244950000.000000 0.038951337 -0.016532164 -0.071980797 0.095414512 -0.070903696 0.083142318 -0.989422143
1405264950000.000000 0.039185792 -0.017375870 -0.071161345 0.095903091 -0.071707457 0.083394192 -0.989295721
1405284950000.000000 0.039010983 -0.018366359 -0.070982300 0.095072344 -0.072272032 0.083698131 -0.989309192
1405304950000.000244 0.039237998 -0.019628895 -0.069459282 0.095061019 -0.073030077 0.083813816 -0.989244819
1405324950000.000244 0.039146192 -0.020979224 -0.067871965 0.094409905 -0.073940933 0.082706742 -0.989332676
1405344950000.000244 0.039333656 -0.022701958 -0.066240959 0.092901014 -0.075215682 0.082585767 -0.989389539
1405364950000.000244 0.039454572 -0.024434566 -0.064546980 0.090350568 -0.077168487 0.081758104 -0.989544094
1405384950000.000000 0.039610617 -0.026170686 -0.062766403 0.089192472 -0.079398714 0.079248704 -0.989676893
1405404950000.000000 0.040443398 -0.028096249 -0.059912775 0.088283792 -0.081185661 0.078529984 -0.989670634
1405424950000.000000 0.041295804 -0.030417992 -0.058418851 -0.087832548 0.082011059 -0.077515364 0.989722729
1405444950000.000000 0.041468009 -0.032261256 -0.056864750 -0.087744266 0.083443642 -0.076471448 0.989692032
1405464950000.000000 0.041390531 -0.033920649 -0.055394504 -0.087383449 0.085510164 -0.074437872 0.989702582
1405484950000.000000 0.041408628 -0.035525970 -0.054062322 -0.086704195 0.087682270 -0.071985781 0.989753664
1405504950000.000000 0.041606117 -0.037045818 -0.052870147 -0.085726194 0.090151645 -0.070122652 0.989750743
1405524950000.000000 0.041349556 -0.038078230 -0.052755818 0.085162401 -0.092338338 0.068576686 -0.989706159
1405544950000.000244 0.041509364 -0.039549578 -0.051805951 0.084093623 -0.094347090 0.067502670 -0.989681959
1405564950000.000244 0.041574582 -0.040899102 -0.050787155 0.083554752 -0.095627189 0.066136591 -0.989696980
1405584950000.000244 0.041704360 -0.042278979 -0.049774680 0.082965970 -0.096740089 0.065318868 -0.989692628
1405604950000.000244 0.041030671 -0.043212291 -0.050194994 0.081981130 -0.098291934 0.064941734 -0.989646614
1405624950000.000244 0.041856702 -0.044609696 -0.047770448 0.081852771 -0.098499328 0.063667104 -0.989719391
1405644950000.000000 0.041951984 -0.045640789 -0.046770964 0.081518680 -0.099474296 0.062457073 -0.989726543
1405664950000.000000 0.042013302 -0.046626799 -0.045767676 0.080307230 -0.100007400 0.061527785 -0.989830136
1405684950000.000000 0.042211149 -0.047712643 -0.044917170 0.079557255 -0.100142092 0.061899576 -0.989853859
1405704950000.000000 0.042195536 -0.048246671 -0.043666411 -0.078186460 0.099903464 -0.062157318 0.989971101
1405724950000.000000 0.042093351 -0.049159411 -0.042771392 -0.076444507 0.099515848 -0.062065631 0.990151882
1405744950000.000000 0.042053688 -0.049969852 -0.041916657 -0.075283177 0.099174276 -0.062161557 0.990269125
1405764950000.000000 0.042202801 -0.050518535 -0.041388229 -0.073961236 0.099037297 -0.062257461 0.990376413
1405784950000.000000 0.042320043 -0.050817214 -0.041183166 -0.073905863 0.099091306 -0.062366150 0.990368307
1405804950000.000244 0.042564835 -0.050005209 -0.043084249 0.074164860 -0.099104181 0.062756330 -0.990322948
1405824950000.000244 0.042610969 -0.049729869 -0.043826971 0.075583003 -0.099407725 0.062887125 -0.990177035
1405844950000.000244 0.042578895 -0.049339853 -0.044710260 0.078227289 -0.100163288 0.062082462 -0.989946306
1405864950000.000244 0.042687457 -0.048783392 -0.045583729 0.081380077 -0.100743495 0.062124323 -0.989630580
1405884950000.000000 0.042850703 -0.048085310 -0.046456777 0.084711336 -0.101489678 0.061956242 -0.989285231
1405904950000.000000 0.042759981 -0.047582217 -0.048337679 0.087971851 -0.102370709 0.061937425 -0.988911033
1405924950000.000000 0.043242611 -0.046574388 -0.048214607 0.091024481 -0.103444256 0.062143870 -0.988510013
1405944950000.000000 0.043411389 -0.045574997 -0.049133752 0.093819737 -0.104355842 0.062538452 -0.988127887
1405964950000.000000 0.043504212 -0.044407882 -0.049844090 0.096223257 -0.105123371 0.062656991 -0.987807870
1405984950000.000000 0.043513980 -0.043295085 -0.050684072 0.099869289 -0.105436347 0.062139519 -0.987445235
1406004950000.000000 0.043665200 -0.042160098 -0.051635977 0.103633314 -0.105974294 0.061976507 -0.987009883
1406024950000.000000 0.043934230 -0.041097395 -0.052600563 0.106226504 -0.106858261 0.062189158 -0.986625433
1406044950000.000244 0.043862060 -0.040083580 -0.054668304 0.108647719 -0.107735723 0.062552765 -0.986243308
1406064950000.000244 0.043994185 -0.038855523 -0.055659503 0.111208446 -0.108296350 0.062566273 -0.985895574
1406084950000.000244 0.044105455 -0.037675675 -0.056637380 0.113606989 -0.108646184 0.062513441 -0.985586941
1406104950000.000244 0.044211321 -0.036498100 -0.057645254 0.116543740 -0.108952537 0.062082171 -0.985237420
1406124950000.000244 0.044615708 -0.035261858 -0.057692561 0.119575471 -0.109590560 0.061938047 -0.984812379
1406144950000.000000 0.044100884 -0.034094777 -0.060153246 0.121772565 -0.110436961 0.062477045 -0.984414518
1406164950000.000000 0.044333778 -0.033052046 -0.061190724 0.124618903 -0.110918924 0.062599771 -0.983996153
1406184950000.000000 0.044931278 -0.032402553 -0.061846271 0.126807973 -0.111071818 0.062358193 -0.983714521
1406204950000.000000 0.045291878 -0.032732956 -0.060854215 -0.129045740 0.111140564 -0.062145237 0.983429253
1406224950000.000000 0.045570061 -0.031913545 -0.061645359 -0.131323934 0.111269556 -0.061842751 0.983132064
1406244950000.000000 0.045657162 -0.031114126 -0.062653080 -0.134805039 0.111962825 -0.061902784 0.982578218
1406264950000.000000 0.045692291 -0.030269096 -0.063643165 -0.137194276 0.112258643 -0.062186606 0.982195854
1406284950000.000000 0.045761049 -0.029574413 -0.064549886 -0.138733819 0.112404466 -0.062318157 0.981954575
1406304950000.000244 0.045801114 -0.029426003 -0.066628680 0.139673099 -0.113127373 0.062807664 -0.981707156
1406324950000.000244 0.045993745 -0.028767912 -0.067658544 0.141401947 -0.113787383 0.062969379 -0.981372952
1406344950000.000244 0.046233136 -0.028025344 -0.068474680 0.142264560 -0.113988101 0.063116916 -0.981215537
1406364950000.000244 0.046332479 -0.027320433 -0.069260500 0.143612236 -0.114296615 0.063033439 -0.980988562
1406384950000.000000 0.046474617 -0.026588177 -0.069757223 0.144216850 -0.114192784 0.063120216 -0.980906427
1406404950000.000000 0.046562620 -0.026108196 -0.069978274 0.144520938 -0.114301234 0.063079350 -0.980851710
1406424950000.000000 0.046643656 -0.025801316 -0.069902129 0.144213960 -0.114226118 0.063159749 -0.980900407
1406444950000.000000 0.046739466 -0.025626482 -0.069702923 0.143899620 -0.113894746 0.063282780 -0.980977178
1406464950000.000000 0.046793930 -0.025382360 -0.069614634 0.143953770 -0.113721929 0.063332170 -0.980986118
1406484950000.000000 0.046796937 -0.025175694 -0.069612443 0.144347832 -0.113837138 0.063267544 -0.980919003
1406504950000.000000 0.046793442 -0.025019394 -0.069502868 0.144688830 -0.114055701 0.063169241 -0.980849683
1406524950000.000000 0.046832830 -0.024946408 -0.069421254 0.145048469 -0.114133805 0.063145623 -0.980789065
1406544950000.000244 0.046801139 -0.024811387 -0.069433555 0.145710140 -0.114209689 0.063095704 -0.980685294
1406564950000.000244 0.046737332 -0.024524784 -0.069569968 0.146974072 -0.114381060 0.062967576 -0.980484962
1406584950000.000244 0.046755388 -0.024343161 -0.069723651 0.147588998 -0.114527926 0.063075811 -0.980368435
1406604950000.000244 0.046878390 -0.024413435 -0.069916308 0.149401411 -0.114993788 0.063094825 -0.980038106
1406624950000.000244 0.046920173 -0.024204379 -0.070479549 0.154711887 -0.114968315 0.062178340 -0.979275525
1406644950000.000000 0.046904642 -0.023831403 -0.071415208 0.157075241 -0.115698382 0.062220860 -0.978810430
1406664950000.000000 0.046678893 -0.023539903 -0.072998099 0.160715833 -0.116178617 0.062037669 -0.978173971
1406684950000.000000 0.046407670 -0.023212727 -0.074842371 0.164539948 -0.116570756 0.061845910 -0.977503419
1406704950000.000000 0.045888245 -0.021341564 -0.079258054 -0.170170888 0.117776230 -0.061176915 0.976436436
1406724950000.000000 0.045322824 -0.020861581 -0.081974916 -0.176364690 0.118217476 -0.060354508 0.975334585
1406744950000.000000 0.044751037 -0.020298598 -0.084933013 -0.181822717 0.118366040 -0.059740182 0.974351645
1406764950000.000000 0.044416692 -0.019088721 -0.087843038 -0.187029228 0.119128637 -0.059241552 0.973303080
1406784950000.000000 0.043959569 -0.018630875 -0.090965852 -0.192586586 0.120157875 -0.058781154 0.972119987
1406804950000.000244 0.043695126 -0.018832125 -0.094759986 -0.198219642 0.120270811 -0.058789156 0.970972657
1406824950000.000244 0.043225639 -0.018336810 -0.097561486 -0.203037962 0.120489679 -0.058196038 0.969985068
1406844950000.000244 0.042670239 -0.018034192 -0.100128107 -0.207033277 0.120711133 -0.057622757 0.969146848
1406864950000.000244 0.042085975 -0.017596815 -0.102471694 -0.210489914 0.120705724 -0.057006534 0.968439221
1406884950000.000000 0.041653931 -0.017322533 -0.104717724 -0.213940516 0.120874390 -0.056596782 0.967685759
1406904950000.000000 0.041188657 -0.016831059 -0.106739588 -0.215587214 0.121044837 -0.056091424 0.967328370
1406924950000.000000 0.040937949 -0.016708644 -0.108566612 -0.218162909 0.121061534 -0.055755649 0.966768086
1406944950000.000000 0.040732868 -0.016481407 -0.110067338 -0.220312789 0.121151410 -0.055330176 0.966293573
1406964950000.000000 0.040632240 -0.016135331 -0.111081630 -0.221431866 0.121276855 -0.055243842 0.966026902
1406984950000.000000 0.040608943 -0.015825959 -0.111819506 -0.222427234 0.121399254 -0.055109020 0.965790570
1407004950000.000000 0.040360406 -0.016445624 -0.112824097 0.222459257 -0.121245414 0.055009935 -0.965808153
1407024950000.000000 0.039737429 -0.016236896 -0.111378707 -0.222185776 0.121760808 -0.055155944 0.965797901
1407044950000.000244 0.040027678 -0.016072432 -0.111128248 -0.221046910 0.121670686 -0.055375405 0.966058075
1407064950000.000244 0.040219799 -0.016035177 -0.110897198 -0.220095620 0.121424794 -0.055467099 0.966300845
1407084950000.000244 0.040323839 -0.015944414 -0.110869579 -0.219843298 0.121383980 -0.055493768 0.966361880
1407104950000.000244 0.040742613 -0.016202688 -0.113149330 0.219697401 -0.120900378 0.055621807 -0.966448367
1407124950000.000244 0.040714867 -0.016172078 -0.113838449 0.220303744 -0.120964698 0.055492897 -0.966309726
1407144950000.000000 0.040061571 -0.016149089 -0.113164634 0.221288547 -0.121494383 0.055298664 -0.966029346
1407164950000.000000 0.040111076 -0.016209196 -0.113570496 0.221425697 -0.121537149 0.055369202 -0.965988457
1407184950000.000000 0.040296238 -0.016250495 -0.113628529 0.221098319 -0.121634796 0.055598497 -0.966037989
1407204950000.000000 0.040435437 -0.016235681 -0.113456480 0.220639855 -0.121580310 0.055710509 -0.966143191
1407224950000.000000 0.041086201 -0.016187020 -0.114504822 0.219880909 -0.120771185 0.055740941 -0.966415882
1407244950000.000000 0.041090764 -0.016135750 -0.114271186 0.219674200 -0.120748468 0.055632241 -0.966471970
1407264950000.000000 0.040495835 -0.016147016 -0.112812035 0.220164552 -0.121316932 0.055672798 -0.966286898
1407284950000.000000 0.041133720 -0.016276497 -0.114042252 0.219952762 -0.120859258 0.055773713 -0.966386616
1407304950000.000244 0.041132819 -0.016286667 -0.113788702 0.220047012 -0.120820850 0.055745523 -0.966371655
1407324950000.000244 0.040561877 -0.016180472 -0.112074971 0.220204279 -0.121316664 0.055737827 -0.966274083
1407344950000.000244 0.040619712 -0.016149320 -0.111602955 0.219967619 -0.121387795 0.055843677 -0.966313004
1407364950000.000244 0.041261334 -0.016189426 -0.112426341 0.219304830 -0.120855473 0.055954851 -0.966523945
1407384950000.000000 0.041213378 -0.016223131 -0.112012222 0.219142735 -0.120778233 0.055877879 -0.966574788
1407404950000.000000 0.041159239 -0.016239248 -0.111650318 0.218958437 -0.120661378 0.055789538 -0.966636240
1407424950000.000000 0.040540572 -0.016257428 -0.110051364 0.219303668 -0.121196359 0.055706292 -0.966495812
1407444950000.000000 0.040558025 -0.016363995 -0.109849706 0.219369739 -0.121256828 0.055768449 -0.966469646
1407464950000.000000 0.040546279 -0.016439261 -0.109600037 0.219438598 -0.121299654 0.055795424 -0.966447115
1407484950000.000000 0.040528804 -0.016468912 -0.109403200 0.219464928 -0.121269032 0.055770691 -0.966446459
1407504950000.000000 0.041102048 -0.016546000 -0.110456660 0.218888879 -0.120644629 0.055787005 -0.966654241
1407524950000.000000 0.040962316 -0.016380472 -0.111103214 -0.218962356 0.120631762 -0.055498160 0.966655791
1407544950000.000244 0.040993143 -0.016878713 -0.110345989 -0.217718080 0.120503165 -0.055606734 0.966946602
1407564950000.000244 0.040988799 -0.017519398 -0.109357029 -0.216131777 0.120343558 -0.055777617 0.967312455
1407584950000.000244 0.041150197 -0.018379610 -0.108179092 -0.214565665 0.120082587 -0.055810109 0.967691541
1407604950000.000244 0.041276816 -0.019521758 -0.106572613 -0.212047204 0.119822003 -0.055979330 0.968269050
1407624950000.000244 0.040651187 -0.023066910 -0.106375836 0.209516704 -0.120330438 0.056842230 -0.968706548
1407644950000.000000 0.041673344 -0.023108009 -0.103711709 0.207628086 -0.119682334 0.056692004 -0.969202101
1407664950000.000000 0.041827962 -0.024408579 -0.102038875 0.205003008 -0.119395725 0.056867279 -0.969785810
1407684950000.000000 0.040918186 -0.027000058 -0.101252221 0.202894330 -0.119835898 0.057485379 -0.970138490
1407704950000.000000 0.041319218 -0.028151471 -0.099787094 0.199908808 -0.119357318 0.057787657 -0.970799148
1407724950000.000000 0.041263461 -0.029119048 -0.098288313 0.198921889 -0.119459547 0.057993934 -0.970976949
1407744950000.000000 0.041398704 -0.030144740 -0.096882850 0.199510172 -0.119053513 0.057310697 -0.970946670
1407764950000.000000 0.041409999 -0.031139284 -0.095675491 0.198286712 -0.118958011 0.057420146 -0.971202552
1407784950000.000000 0.041364975 -0.031907734 -0.094523221 0.196971029 -0.118653022 0.057565175 -0.971498966
1407804950000.000244 0.041424248 -0.032517161 -0.093630470 0.196097329 -0.118660510 0.057686277 -0.971667588
1407824950000.000244 0.041412801 -0.032819059 -0.093116820 0.195510581 -0.118537031 0.057709735 -0.971799493
1407844950000.000244 0.041459065 -0.032896072 -0.093064204 0.196273923 -0.118576594 0.057723984 -0.971639872
1407864950000.000244 0.041401945 -0.032883570 -0.093193255 0.197287932 -0.118997008 0.057605397 -0.971390128
1407884950000.000000 0.041231863 -0.032930989 -0.093126081 0.197621271 -0.119115934 0.057407968 -0.971319556
1407904950000.000000 0.041146301 -0.033027537 -0.092817463 0.197320595 -0.118899174 0.057304822 -0.971413255
1407924950000.000000 0.041207213 -0.033182774 -0.092335954 0.196656421 -0.118765905 0.057441883 -0.971556187
1407944950000.000000 0.041344609 -0.033364631 -0.091966107 0.196185738 -0.118668668 0.057606906 -0.971653402
1407964950000.000000 0.041520361 -0.033409495 -0.091786444 0.196295202 -0.118758567 0.057736285 -0.971612632
1407984950000.000000 0.041533306 -0.033392701 -0.091877222 0.196703225 -0.118908986 0.057754859 -0.971510649
1408004950000.000000 0.041529845 -0.033384074 -0.091862999 0.196981534 -0.118881375 0.057646416 -0.971464038
1408024950000.000000 0.040742572 -0.032919046 -0.093517646 -0.197472245 0.119290642 -0.057418611 0.971327782
1408044950000.000244 0.040681168 -0.032926153 -0.093588904 -0.197293505 0.119219914 -0.057405014 0.971373558
1408064950000.000244 0.040770475 -0.032936763 -0.093585357 -0.197248638 0.119256347 -0.057535786 0.971370459
1408084950000.000244 0.040897697 -0.032857478 -0.093681470 -0.197352976 0.119373471 -0.057656202 0.971327722
1408104950000.000244 0.041125052 -0.033894196 -0.092719361 0.197375476 -0.119434565 0.058050752 -0.971292138
1408124950000.000244 0.041143302 -0.034050424 -0.092452399 0.197363213 -0.119386978 0.057996381 -0.971303761
1408144950000.000000 0.041129045 -0.034181379 -0.092197351 0.197295487 -0.119331650 0.057933509 -0.971328080
1408164950000.000000 0.041123480 -0.034172434 -0.092030570 0.197357729 -0.119298190 0.057746634 -0.971330702
1408184950000.000000 0.041128032 -0.034052022 -0.091954909 0.197590187 -0.119251348 0.057677183 -0.971293271
1408204950000.000000 0.041173853 -0.033830743 -0.091938771 0.197942093 -0.119328573 0.057650097 -0.971213758
1408224950000.000000 0.041211076 -0.033581495 -0.091869749 0.198124588 -0.119463392 0.057618447 -0.971161842
1408244950000.000000 0.041245468 -0.033364419 -0.091751173 0.198148727 -0.119484469 0.057634793 -0.971153378
1408264950000.000000 0.041246161 -0.033190437 -0.091621108 0.197998747 -0.119343467 0.057554059 -0.971206069
1408284950000.000000 0.041241702 -0.033023909 -0.091550067 0.197899416 -0.119221017 0.057469461 -0.971246421
1408304950000.000244 0.041252166 -0.032872729 -0.091596827 0.198071182 -0.119253382 0.057451263 -0.971208513
1408324950000.000244 0.041306425 -0.032679930 -0.091738746 0.198362872 -0.119396694 0.057307594 -0.971139789
1408344950000.000244 0.041329689 -0.032428153 -0.091829553 0.198610783 -0.119458556 0.057245418 -0.971085131
1408364950000.000244 0.041326825 -0.032257531 -0.091816574 0.198583230 -0.119456761 0.057200704 -0.971093655
1408384950000.000000 0.041281316 -0.031980760 -0.091880590 0.198490024 -0.119418070 0.057069886 -0.971125245
1408404950000.000000 0.041296188 -0.031543929 -0.092282139 0.199490577 -0.119530179 0.056951065 -0.970913351
1408424950000.000000 0.041294452 -0.031090422 -0.092882454 0.200393319 -0.119647004 0.056914683 -0.970715165
1408444950000.000000 0.041287377 -0.030369047 -0.093705520 0.201788336 -0.119793221 0.056754783 -0.970417500
1408464950000.000000 0.041238114 -0.029417887 -0.094834387 0.203777760 -0.120073155 0.056506444 -0.969981492
1408484950000.000000 0.041172881 -0.028289668 -0.095995434 0.205287367 -0.120199710 0.056323737 -0.969658077
1408504950000.000000 0.041134581 -0.026897566 -0.097212344 0.207402050 -0.120270863 0.055968095 -0.969219804
1408524950000.000000 0.040362936 -0.025734721 -0.101030946 -0.208869427 0.120756142 -0.056371279 0.968820810
1408544950000.000244 0.040333968 -0.024183271 -0.102464959 -0.210639849 0.120310739 -0.055731516 0.968529940
1408564950000.000244 0.040258009 -0.022642409 -0.103807688 -0.212715879 0.120134026 -0.054954696 0.968142509
1408584950000.000244 0.040081814 -0.021097993 -0.105041534 -0.214021802 0.119687788 -0.054030683 0.967961907
1408604950000.000244 0.039847199 -0.019598695 -0.106527776 -0.216011316 0.119494535 -0.053274617 0.967585683
1408624950000.000244 0.039895467 -0.016727271 -0.107844308 0.216957569 -0.118777595 0.052453462 -0.967507124
1408644950000.000000 0.039848082 -0.014892527 -0.109319955 0.218296647 -0.118477426 0.051771834 -0.967279375
1408664950000.000000 0.039777767 -0.012967521 -0.110880561 0.219857961 -0.118150361 0.050954439 -0.967009187
1408684950000.000000 0.040333215 -0.010138407 -0.114084743 0.220670581 -0.117368422 0.049986977 -0.966969728
1408704950000.000000 0.039518841 -0.009315910 -0.114039294 0.222625569 -0.117378004 0.049718559 -0.966534197
1408724950000.000000 0.039998122 -0.006376015 -0.117570639 0.224511027 -0.116675682 0.048846804 -0.966227472
1408744950000.000000 0.039682142 -0.004506594 -0.119701855 0.227834001 -0.116609663 0.048164219 -0.965491652
1408764950000.000000 0.039298888 -0.002616200 -0.122125059 0.231628120 -0.116505571 0.047648694 -0.964626610
1408784950000.000000 0.037521556 -0.003380436 -0.124006368 -0.238148659 0.117864460 -0.046845444 0.962911606
1408804950000.000244 0.037197385 -0.001235563 -0.127118587 -0.243391201 0.118246987 -0.046359848 0.961576462
1408824950000.000244 0.036894985 0.001101294 -0.130428448 -0.248529449 0.118574642 -0.045696776 0.960252583
1408844950000.000244 0.036546580 0.003690327 -0.133809999 -0.253644466 0.118948191 -0.045049228 0.958898544
1408864950000.000244 0.036236137 0.006255453 -0.137360066 -0.258670926 0.119169347 -0.044355866 0.957559764
1408884950000.000000 0.035853583 0.009906655 -0.143265069 -0.264314264 0.119474798 -0.043587048 0.956014633
1408904950000.000000 0.035564601 0.012319250 -0.146876559 -0.270363331 0.119753882 -0.042858589 0.954319596
1408924950000.000000 0.035280786 0.014725175 -0.150349975 -0.275949389 0.120009974 -0.042027075 0.952724159
1408944950000.000000 0.035188865 0.017995531 -0.153728828 -0.280817837 0.120273225 -0.041676573 0.951282740
1408964950000.000000 0.035273820 0.019163970 -0.155950546 0.283917665 -0.120684221 0.041357350 -0.950324059
1408984950000.000000 0.035665005 0.023822621 -0.159697384 -0.286236227 0.120574795 -0.040742680 0.949668705
1409004950000.000000 0.035899624 0.026222691 -0.160681844 -0.286643595 0.119785979 -0.040388003 0.949660778
1409024950000.000000 0.036288526 0.028604435 -0.160704151 -0.284941852 0.118920766 -0.040289279 0.950285614
1409044950000.000244 0.036688969 0.030751763 -0.160113335 -0.280855209 0.117770165 -0.040597860 0.951631486
1409064950000.000244 0.037108630 0.032680515 -0.160077140 0.276137263 -0.115818948 0.040701289 -0.953245819
1409084950000.000244 0.037667245 0.034107372 -0.158754200 0.270378023 -0.113890484 0.041815128 -0.955079198
1409104950000.000244 0.038411565 0.034983966 -0.157238886 0.264752865 -0.111943044 0.043859184 -0.956792116
1409124950000.000244 0.039140224 0.035429046 -0.155761793 0.260648519 -0.109227970 0.046423431 -0.958110869
1409144950000.000000 0.039559431 0.035482500 -0.154434621 0.258625239 -0.106996432 0.048470765 -0.958809316
1409164950000.000000 0.039468300 0.035386078 -0.153415024 0.257212579 -0.106923528 0.048332371 -0.959204376
1409184950000.000000 0.039384335 0.035121363 -0.152469993 0.255682766 -0.106631838 0.048457496 -0.959639430
1409204950000.000000 0.039437216 0.034675043 -0.151463568 0.253551841 -0.106492497 0.048986908 -0.960193276
1409224950000.000000 0.039425902 0.034327615 -0.150587872 0.252286643 -0.106342532 0.049041163 -0.960540354
1409244950000.000000 0.039292708 0.032965466 -0.149747834 0.252089858 -0.106227867 0.049209263 -0.960596085
1409264950000.000000 0.039136179 0.032418314 -0.148863420 0.251089036 -0.106219329 0.049229033 -0.960858107
1409284950000.000000 0.038981643 0.031929929 -0.147715181 0.249399006 -0.106255062 0.049235430 -0.961293876
1409304950000.000244 0.038890500 0.031415123 -0.146621317 0.247783259 -0.105966352 0.049348533 -0.961737692
1409324950000.000244 0.038712274 0.031619694 -0.145487279 0.246729851 -0.105781399 0.049305338 -0.962031007
1409344950000.000244 0.038582731 0.029825717 -0.144047529 0.244998813 -0.105459787 0.049519435 -0.962497652
1409364950000.000244 0.038609564 0.028699122 -0.142565995 0.243339300 -0.105748393 0.049938086 -0.962865233
1409384950000.000000 0.038650770 0.027381944 -0.140575975 0.240611732 -0.105726235 0.050369851 -0.963530421
1409404950000.000000 0.038562067 0.025346750 -0.140501738 -0.238011464 0.105685465 -0.050467648 0.964175403
1409424950000.000000 0.038668226 0.023608213 -0.137792125 -0.234758690 0.105322227 -0.050790075 0.964995325
1409444950000.000000 0.038757984 0.021783262 -0.134646878 -0.230861813 0.105001248 -0.051409598 0.965937197
1409464950000.000000 0.038961928 0.019557023 -0.131167009 -0.226342037 0.104764089 -0.052004762 0.967000127
1409484950000.000000 0.039389756 0.015737262 -0.126837492 0.220439151 -0.104223520 0.052928571 -0.968371093
1409504950000.000000 0.039799053 0.013573519 -0.122517318 0.214856103 -0.103692003 0.053303365 -0.969661653
1409524950000.000000 0.039662331 0.010550978 -0.118530363 0.207715467 -0.103444584 0.055031609 -0.971146286
1409544950000.000244 0.040381204 0.006420918 -0.113666691 0.202013940 -0.102770180 0.055182133 -0.972411215
1409564950000.000244 0.040225115 0.003678493 -0.109467953 0.194578037 -0.102501161 0.056712940 -0.973866820
1409584950000.000244 0.040484756 -0.000083787 -0.104824454 0.187775284 -0.102039307 0.057566259 -0.975199759
1409604950000.000244 0.040720776 -0.004185997 -0.100064613 0.181247219 -0.101775050 0.058580954 -0.976401329
1409624950000.000244 0.040873844 -0.008499161 -0.095644780 0.176564038 -0.101957306 0.059559744 -0.977180898
1409644950000.000000 0.041078571 -0.012718439 -0.091521673 0.171960577 -0.102234744 0.060479466 -0.977916121
1409664950000.000000 0.041394722 -0.016931476 -0.087542102 0.167721510 -0.102932468 0.061796352 -0.978496611
1409684950000.000000 0.041899595 -0.020951876 -0.083681911 0.164023042 -0.103658251 0.063404836 -0.978943944
1409704950000.000000 0.042381801 -0.024893584 -0.079984546 0.160119578 -0.104167759 0.065729700 -0.979382694
1409724950000.000000 0.042664580 -0.028539179 -0.076537468 0.156179085 -0.104540378 0.066490330 -0.979927778
1409744950000.000000 0.042945325 -0.031897299 -0.073446453 0.152420968 -0.105271220 0.067525856 -0.980370343
1409764950000.000000 0.043184757 -0.035055932 -0.070507608 0.148732141 -0.105408333 0.068316557 -0.980867326
1409784950000.000000 0.043452583 -0.038044654 -0.067712210 0.144938827 -0.105649933 0.069141984 -0.981351197
1409804950000.000244 0.043609850 -0.040885370 -0.065180816 0.141185462 -0.105818115 0.069892719 -0.981827021
1409824950000.000244 0.043879043 -0.043383028 -0.062820740 0.137246728 -0.105175309 0.070475444 -0.982412755
1409844950000.000244 0.043581858 -0.046877444 -0.061480597 -0.135595068 0.105507292 -0.070375167 0.982613623
1409864950000.000244 0.043696586 -0.048896022 -0.059724398 -0.132778481 0.105328053 -0.070908144 0.982979119
1409884950000.000000 0.043737900 -0.050624929 -0.058212783 -0.129697680 0.104933277 -0.071226887 0.983409524
1409904950000.000000 0.043731678 -0.051895887 -0.057172514 -0.127796680 0.104633652 -0.071306318 0.983684540
1409924950000.000000 0.043744899 -0.052677583 -0.056744635 -0.127483293 0.104548052 -0.071268216 0.983737051
1409944950000.000000 0.044214249 -0.053001754 -0.056672145 0.127491847 -0.104880504 0.071498454 -0.983683884
1409964950000.000000 0.044321835 -0.053132571 -0.056794632 0.127722263 -0.104955241 0.071351632 -0.983656645
1409984950000.000000 0.044397805 -0.053141110 -0.056962717 0.128237277 -0.105247557 0.071258388 -0.983565152
1410004950000.000000 0.044426773 -0.053166043 -0.057067119 0.128787503 -0.105391480 0.071275599 -0.983476639
1410024950000.000000 0.044241857 -0.052935574 -0.057556365 0.129252389 -0.105704986 0.071955599 -0.983332455
1410044950000.000244 0.044308439 -0.052814186 -0.057607919 0.129886851 -0.106046960 0.072088949 -0.983202279
1410064950000.000244 0.044626281 -0.052866742 -0.057305865 0.130763710 -0.106350951 0.071623504 -0.983087182
1410084950000.000244 0.044654630 -0.052778807 -0.057324961 0.130969182 -0.106400147 0.071860701 -0.983037233
1410104950000.000244 0.044300519 -0.052564461 -0.057695325 0.130376577 -0.106254026 0.072435267 -0.983089685
1410124950000.000244 0.044453200 -0.052764695 -0.057113905 0.130564213 -0.106195122 0.071780980 -0.983119071
1410144950000.000000 0.044397775 -0.052687477 -0.057006840 0.130332068 -0.106140003 0.071765199 -0.983156979
1410164950000.000000 0.044384517 -0.052628648 -0.056935847 0.130288824 -0.106129475 0.071700037 -0.983168602
1410184950000.000000 0.044192269 -0.052314091 -0.057441659 0.130072892 -0.106129110 0.072317213 -0.983152032
1410204950000.000000 0.044472162 -0.052451447 -0.057041526 0.130650640 -0.106276304 0.071724735 -0.983102918
1410224950000.000000 0.044241019 -0.052177381 -0.057494581 0.130157128 -0.106276743 0.072249368 -0.983129978
1410244950000.000000 0.044422075 -0.052405093 -0.057057120 0.130479679 -0.106239654 0.071509436 -0.983145297
1410264950000.000000 0.044102844 -0.052109942 -0.057516407 0.130109400 -0.106089480 0.072031461 -0.983172476
1410284950000.000000 0.044130210 -0.052008271 -0.057579797 0.130232543 -0.106104292 0.071998328 -0.983156979
1410304950000.000244 0.044449210 -0.052191220 -0.057165831 0.130746320 -0.106258415 0.071433447 -0.983113348
1410324950000.000244 0.044453721 -0.052127078 -0.057191536 0.130812272 -0.106295347 0.071441233 -0.983099997
1410344950000.000244 0.043907393 -0.052046694 -0.057349991 -0.130775988 0.106334522 -0.071731180 0.983079493
1410364950000.000244 0.043804534 -0.051988110 -0.057397135 -0.130839169 0.106145464 -0.071701430 0.983093739
1410384950000.000000 0.043770887 -0.051927675 -0.057485353 -0.131015182 0.106139712 -0.071585685 0.983079374
1410404950000.000000 0.043764021 -0.051706374 -0.057641245 -0.131305024 0.106163353 -0.071516693 0.983043134
1410424950000.000000 0.043815300 -0.051153850 -0.057857782 -0.131514207 0.106020875 -0.071376026 0.983040810
1410444950000.000000 0.043349683 -0.049174361 -0.060479973 0.132306725 -0.106223039 0.071739532 -0.982886136
1410464950000.000000 0.043591954 -0.048536021 -0.061651725 0.134974748 -0.106471762 0.071489908 -0.982514501
1410484950000.000000 0.043525159 -0.046357878 -0.063244760 0.136985481 -0.106878340 0.071364939 -0.982201159
1410504950000.000000 0.043455333 -0.044527266 -0.065086149 0.140694633 -0.107272044 0.070976421 -0.981661916
1410524950000.000000 0.043457840 -0.042552996 -0.066782437 0.143281892 -0.107372969 0.070561431 -0.981306493
1410544950000.000244 0.043430824 -0.040397916 -0.068550512 0.146389782 -0.107416078 0.070106909 -0.980875552
1410564950000.000244 0.043456193 -0.038183779 -0.070500806 0.149993926 -0.107657559 0.069689065 -0.980334222
1410584950000.000244 0.043578282 -0.035986915 -0.072356701 0.153366238 -0.108035043 0.069324754 -0.979796588
1410604950000.000244 0.043654505 -0.033777665 -0.074094944 0.156692952 -0.108242303 0.068856262 -0.979280174
1410624950000.000244 0.043657791 -0.031740159 -0.075728364 0.159798428 -0.108501278 0.068450257 -0.978778064
1410644950000.000000 0.043622039 -0.029722834 -0.077233873 0.161858931 -0.108302303 0.067923248 -0.978498220
1410664950000.000000 0.043577306 -0.027991746 -0.078590736 0.163576558 -0.108036056 0.067452453 -0.978274584
1410684950000.000000 0.043460179 -0.026476314 -0.079772756 0.165544719 -0.107920118 0.067032240 -0.977985144
1410704950000.000000 0.043352671 -0.024976328 -0.080719866 0.166469455 -0.107473053 0.066567384 -0.977909148
1410724950000.000000 0.043192651 -0.023627557 -0.081650719 0.168698147 -0.107470274 0.066288821 -0.977546394
1410744950000.000000 0.043063670 -0.022157473 -0.082655698 0.170848593 -0.107452497 0.065966770 -0.977196634
1410764950000.000000 0.042987581 -0.020704731 -0.083557889 0.172734007 -0.107477576 0.065710187 -0.976879597
1410784950000.000000 0.043120556 -0.019089023 -0.084122084 0.173483372 -0.107439250 0.065610692 -0.976757705
1410804950000.000244 0.043367360 -0.017390020 -0.084538318 0.174606651 -0.107516207 0.065479070 -0.976557910
1410824950000.000244 0.043752607 -0.015589441 -0.084603094 0.174451709 -0.107490338 0.065504670 -0.976586699
1410844950000.000244 0.044380736 -0.014843353 -0.084511220 -0.176008895 0.107634462 -0.064953148 0.976328254
1410864950000.000244 0.044875979 -0.012770531 -0.084050000 -0.175345436 0.107541390 -0.065029033 0.976452827
1410884950000.000000 0.045314942 -0.010703254 -0.083421558 -0.174715400 0.107283905 -0.065073811 0.976591051
1410904950000.000000 0.045832895 -0.008608839 -0.082409024 -0.173032135 0.107038602 -0.065288223 0.976903379
1410924950000.000000 0.046568751 -0.006524118 -0.081068262 -0.171002164 0.107142381 -0.065748535 0.977218509
1410944950000.000000 0.047603905 -0.004110868 -0.079293147 0.169325188 -0.107128240 0.066255264 -0.977477789
1410964950000.000000 0.048433982 -0.000996858 -0.078066118 0.165371507 -0.106907256 0.067668676 -0.978081822
1410984950000.000000 0.049265802 0.001124173 -0.076184832 0.162939444 -0.106739901 0.068174608 -0.978473067
1411004950000.000000 0.050049324 0.002253516 -0.073751219 0.162413508 -0.106767081 0.067779355 -0.978585005
1411024950000.000000 0.050788682 0.005265839 -0.072307236 0.158871129 -0.106783181 0.069208369 -0.979064643
1411044950000.000244 0.051577598 0.007275095 -0.070249423 0.156393096 -0.106757052 0.069872171 -0.979419231
1411064950000.000244 0.052387424 0.009231653 -0.068340659 0.154544756 -0.106982142 0.070426308 -0.979648352
1411084950000.000244 0.053248685 0.011201254 -0.066621639 0.153499290 -0.107612304 0.071103930 -0.979694784
1411104950000.000244 0.054363064 0.013526603 -0.065605365 -0.153598979 0.107567891 -0.070907176 0.979698241
1411124950000.000244 0.055181727 0.015591027 -0.063982025 -0.152472198 0.108282432 -0.071796156 0.979730844
1411144950000.000000 0.056140710 0.017622450 -0.062391166 -0.152340397 0.109014913 -0.072534449 0.979615688
1411164950000.000000 0.056960251 0.019800365 -0.061141770 -0.151823223 0.110075459 -0.073153563 0.979531407
1411184950000.000000 0.057823714 0.021646695 -0.059570018 -0.150944993 0.110609360 -0.073926166 0.979548991
1411204950000.000000 0.057853580 0.021779034 -0.056707032 -0.150336504 0.112114087 -0.074434005 0.979433000
1411224950000.000000 0.058682192 0.023318453 -0.054617576 -0.147759929 0.112015262 -0.074972808 0.979795218
1411244950000.000000 0.059406679 0.024905749 -0.052495431 -0.145535216 0.111960158 -0.075388990 0.980102539
1411264950000.000000 0.059965979 0.026186816 -0.050346449 -0.142989397 0.111903831 -0.075734816 0.980456948
1411284950000.000000 0.060600389 0.027352553 -0.048194617 -0.140543640 0.111787342 -0.076258838 0.980783224
1411304950000.000244 0.060879175 0.026740331 -0.046940912 0.136993706 -0.111586057 0.076736271 -0.981271029
1411324950000.000244 0.061487123 0.027627675 -0.045091406 0.134380877 -0.111415461 0.076841183 -0.981643438
1411344950000.000244 0.062077705 0.028636361 -0.043430980 0.132407039 -0.111103386 0.076990753 -0.981935263
1411364950000.000244 0.062436536 0.029755302 -0.041868418 0.130771771 -0.110278308 0.077054225 -0.982242405
1411384950000.000000 0.062464975 0.030854428 -0.040232573 0.129387438 -0.109005079 0.076504976 -0.982610703
1411404950000.000000 0.062120207 0.031928781 -0.038484901 0.127838150 -0.106972173 0.075778581 -0.983093083
1411424950000.000000 0.060987607 0.029860066 -0.033838008 -0.126864120 0.104624338 -0.074828237 0.983544588
1411444950000.000000 0.060168326 0.031074202 -0.032041650 -0.125824556 0.102050781 -0.073781751 0.984027505
1411464950000.000000 0.059084076 0.032323454 -0.030256545 -0.125007436 0.099599808 -0.072144695 0.984504044
1411484950000.000000 0.057800371 0.033596598 -0.028475691 -0.124400020 0.096403405 -0.070774734 0.984998465
1411504950000.000000 0.056400087 0.034857538 -0.026559195 -0.123755366 0.092990682 -0.069138780 0.985523820
1411524950000.000000 0.053996667 0.036569498 -0.026004126 -0.122153170 0.089211784 -0.067646123 0.986176431
1411544950000.000244 0.052335761 0.037766796 -0.024516212 -0.120877966 0.085326105 -0.065686472 0.986809671
1411564950000.000244 0.050412554 0.038838267 -0.023069199 -0.119979031 0.081764922 -0.063364059 0.987372577
1411584950000.000244 0.048352011 0.039840106 -0.021394737 -0.118714444 0.077425338 -0.061377887 0.988000512
1411604950000.000244 0.045852724 0.040718116 -0.019222552 -0.117319606 0.073282219 -0.059344787 0.988607109
1411624950000.000244 0.044641100 0.040117931 -0.019093584 0.116630532 -0.069199450 0.057559844 -0.989088297
1411644950000.000000 0.042544596 0.040582843 -0.018170305 0.116025746 -0.065589152 0.055309400 -0.989533722
1411664950000.000000 0.040218975 0.041175976 -0.016912427 0.114681363 -0.061239354 0.053626288 -0.990061700
1411684950000.000000 0.036702443 0.041484755 -0.014539805 -0.114088073 0.058365010 -0.052554607 0.990361333
1411704950000.000000 0.035035633 0.041620750 -0.014075893 -0.114019848 0.054123349 -0.053082958 0.990581870
1411724950000.000000 0.033514090 0.041780408 -0.013879142 -0.114828244 0.050725710 -0.054150816 0.990610480
1411744950000.000000 0.032070953 0.041944690 -0.013714411 -0.115219168 0.047445294 -0.054769021 0.990693688
1411764950000.000000 0.030705901 0.042142432 -0.013395268 -0.115548432 0.045342170 -0.054497078 0.990768790
1411784950000.000000 0.030794065 0.041270364 -0.014917636 0.115389794 -0.043175720 0.055342447 -0.990837157
1411804950000.000244 0.030054986 0.041234352 -0.014883130 0.115212366 -0.041889083 0.054660212 -0.990950942
1411824950000.000244 0.029480161 0.041188449 -0.014841332 0.114797391 -0.041130725 0.053963780 -0.991069019
1411844950000.000244 0.028971355 0.041146338 -0.014845302 0.115149133 -0.040398143 0.053469479 -0.991085172
1411864950000.000244 0.028548084 0.041100409 -0.014784030 0.114914216 -0.039954968 0.053215202 -0.991144061
1411884950000.000000 0.028338896 0.040899366 -0.014709088 0.114735126 -0.040422380 0.053264931 -0.991143167
1411904950000.000000 0.028316488 0.040700041 -0.014549085 0.114575088 -0.040745724 0.053614751 -0.991129577
1411924950000.000000 0.028394872 0.040554281 -0.014315701 0.114631608 -0.041134048 0.053818073 -0.991095960
1411944950000.000000 0.028669484 0.040433619 -0.014200833 0.114995755 -0.041653007 0.054099165 -0.991016805
1411964950000.000000 0.028968673 0.040234949 -0.014228433 0.115646005 -0.042277157 0.054423843 -0.990897000
1411984950000.000000 0.029215358 0.039939329 -0.014175124 0.115784310 -0.042853769 0.054725736 -0.990839422
1412004950000.000000 0.029418126 0.039633960 -0.014027883 0.115948692 -0.043408997 0.054817066 -0.990790963
1412024950000.000000 0.029427866 0.039046105 -0.013680526 0.115085140 -0.043268051 0.054817833 -0.990897775
1412044950000.000244 0.029233852 0.038299352 -0.013143101 0.114257500 -0.042832263 0.054522976 -0.991028726
1412064950000.000244 0.029018817 0.037208624 -0.012848952 0.113616616 -0.042480830 0.054297186 -0.991129875
1412084950000.000244 0.028912267 0.035835631 -0.013074093 0.113332860 -0.042147025 0.054388411 -0.991171658
1412104950000.000244 0.028775822 0.034006514 -0.013668292 0.113345571 -0.041781612 0.054095406 -0.991201699
1412124950000.000244 0.028523225 0.032112073 -0.014469187 0.113126934 -0.041112099 0.053628277 -0.991280079
1412144950000.000000 0.028045062 0.030190175 -0.015431484 0.112787649 -0.040135801 0.053014081 -0.991391778
1412164950000.000000 0.027622769 0.028364593 -0.016540425 0.112240873 -0.039058860 0.052287966 -0.991535366
1412184950000.000000 0.027416943 0.024040356 -0.019956373 -0.112426743 0.038883802 -0.051684164 0.991552889
1412204950000.000000 0.026846077 0.021577829 -0.021703072 -0.113150001 0.038222108 -0.050975576 0.991533041
1412224950000.000000 0.026273830 0.019247362 -0.023968186 -0.114531972 0.037747044 -0.050354954 0.991424263
1412244950000.000000 0.025699895 0.017165257 -0.026665412 -0.117097668 0.037295025 -0.049744878 0.991172433
1412264950000.000000 0.025012910 0.015245946 -0.029896446 -0.121463038 0.037164535 -0.049166806 0.990680635
1412284950000.000000 0.024891738 0.015632482 -0.034169652 0.125746459 -0.036772732 0.048371457 -0.990199924
1412304950000.000244 0.024446331 0.013834429 -0.037777036 0.130432695 -0.036712680 0.047804944 -0.989623308
1412324950000.000244 0.024002191 0.011813455 -0.041243486 0.134423912 -0.036660228 0.047213152 -0.989119470
1412344950000.000244 0.023493784 0.009593231 -0.044460531 0.137641951 -0.036234278 0.046719410 -0.988715947
1412364950000.000244 0.022836309 0.007293435 -0.047429632 0.140200973 -0.035277750 0.045951787 -0.988426864
1412384950000.000000 0.022036029 0.004759811 -0.050251357 0.142426640 -0.034115985 0.045066759 -0.988190174
1412404950000.000000 0.021086175 0.002051927 -0.052996241 0.144405469 -0.032935716 0.044023547 -0.987990022
1412424950000.000000 0.020023651 -0.000391630 -0.055524800 0.145293236 -0.031523556 0.042790968 -0.987960100
1412444950000.000000 0.018973814 -0.002639566 -0.057890397 0.145522952 -0.029924737 0.041412421 -0.988034785
1412464950000.000000 0.017974939 -0.004712722 -0.060063332 0.145069495 -0.028605219 0.039787758 -0.988207281
1412484950000.000000 0.017099794 -0.006588819 -0.062340796 0.144356653 -0.027861599 0.039040182 -0.988362730
1412504950000.000000 0.016364409 -0.008387192 -0.064465575 0.143579096 -0.026739456 0.038290430 -0.988536298
1412524950000.000000 0.015569460 -0.010093844 -0.066599950 0.144030988 -0.026555914 0.037794985 -0.988494515
1412544950000.000244 0.014775078 -0.011588245 -0.068518460 0.143872470 -0.025867417 0.037293341 -0.988554895
1412564950000.000244 0.014095927 -0.012720674 -0.070473932 0.144137502 -0.025540762 0.037052047 -0.988533914
1412584950000.000244 0.013585737 -0.013444013 -0.072441436 0.145216912 -0.024954211 0.036610287 -0.988407373
1412604950000.000244 0.013463417 -0.014380785 -0.076497592 -0.146808684 0.024735561 -0.036124643 0.988195598
1412624950000.000244 0.013108768 -0.014796452 -0.078183651 -0.149541959 0.024917746 -0.036000788 0.987785518
1412644950000.000000 0.012815755 -0.015022799 -0.079784580 -0.151804432 0.025045320 -0.036011413 0.987436771
1412664950000.000000 0.012692288 -0.015009549 -0.081387162 -0.154437929 0.025319844 -0.035895471 0.987025559
1412684950000.000000 0.012669042 -0.014823315 -0.082527936 -0.156325743 0.025571991 -0.035813380 0.986724734
1412704950000.000000 0.012773959 -0.015725961 -0.082201481 0.157355100 -0.025598910 0.035683215 -0.986565232
1412724950000.000000 0.012666858 -0.015877929 -0.082095757 0.157388628 -0.025477916 0.035562407 -0.986567318
1412744950000.000000 0.012555672 -0.015893161 -0.081769660 0.157225832 -0.025367608 0.035538290 -0.986597002
1412764950000.000000 0.012438304 -0.015713878 -0.081386290 0.156918898 -0.025130523 0.035615113 -0.986649156
1412784950000.000000 0.012303535 -0.015408956 -0.081071310 0.156582728 -0.024854466 0.035459142 -0.986715138
1412804950000.000244 0.012065383 -0.015207716 -0.080930531 0.156406328 -0.024381936 0.035089225 -0.986768186
1412824950000.000244 0.011795673 -0.015058972 -0.081079729 0.156699017 -0.023786958 0.034751352 -0.986748219
1412844950000.000244 0.011539861 -0.014825284 -0.081395343 0.157199502 -0.023586310 0.034525722 -0.986681342
1412864950000.000244 0.011383799 -0.014569414 -0.081664510 0.157403275 -0.023688024 0.034442481 -0.986649334
1412884950000.000000 0.011327541 -0.014389062 -0.081734836 0.157102928 -0.023719316 0.034362681 -0.986699224
1412904950000.000000 0.011241404 -0.014305407 -0.081770048 0.156852484 -0.023511210 0.034242745 -0.986748219
1412924950000.000000 0.011137895 -0.014108213 -0.081784979 0.156649977 -0.023192503 0.034182809 -0.986790001
1412944950000.000000 0.011038931 -0.013887362 -0.081892207 0.156708673 -0.023087857 0.034136746 -0.986784756
1412964950000.000000 0.010948547 -0.013765824 -0.081966996 0.156689152 -0.023069022 0.034089185 -0.986789942
1412984950000.000000 0.010840209 -0.013730747 -0.082101598 0.156707361 -0.022956809 0.034010325 -0.986792386
1413004950000.000000 0.010702007 -0.013723254 -0.082299002 0.156876937 -0.022809902 0.033954348 -0.986770749
1413024950000.000000 0.010537510 -0.013662933 -0.082487270 0.157059610 -0.022594377 0.034031469 -0.986743987
1413044950000.000244 0.010460344 -0.013664041 -0.082583085 0.157055750 -0.022522159 0.034087662 -0.986744344
1413064950000.000244 0.010420430 -0.013642427 -0.082596220 0.156907424 -0.022493716 0.033998173 -0.986771643
1413084950000.000244 0.010285465 -0.013603226 -0.082578547 0.156782329 -0.022207318 0.033910211 -0.986801088
1413104950000.000244 0.010258260 -0.014869560 -0.082280494 -0.156731158 0.021612294 -0.033378012 0.986840546
1413124950000.000244 0.010099113 -0.014874120 -0.082286529 -0.156669393 0.021474935 -0.033285383 0.986856520
1413144950000.000000 0.010049243 -0.014904796 -0.082370311 -0.156709462 0.021477913 -0.033468507 0.986843824
1413164950000.000000 0.009945404 -0.014864312 -0.082457796 -0.156877145 0.021533042 -0.033463847 0.986816168
1413184950000.000000 0.009929336 -0.014816971 -0.082599647 -0.157123610 0.021336470 -0.033550013 0.986778259
1413204950000.000000 0.009865062 -0.014231521 -0.082249142 0.157292798 -0.021112666 0.033588808 -0.986754835
1413224950000.000000 0.009859554 -0.014149640 -0.082067356 0.157103643 -0.020945165 0.033804011 -0.986781180
1413244950000.000000 0.009881616 -0.014133008 -0.081861109 0.156781480 -0.020882733 0.034042064 -0.986825526
1413264950000.000000 0.009878119 -0.014113269 -0.081756942 0.156680524 -0.020811152 0.034154382 -0.986839235
1413284950000.000000 0.009844485 -0.014093164 -0.081819355 0.156925991 -0.020599654 0.034242079 -0.986801624
1413304950000.000244 0.009809932 -0.014077907 -0.081897959 0.157204732 -0.020164633 0.034703825 -0.986750066
1413324950000.000244 0.009727834 -0.013829849 -0.081623748 0.157148689 -0.019111056 0.035891104 -0.986737490
1413344950000.000244 0.010073130 -0.014483040 -0.081691802 0.157318786 -0.017791305 0.038475219 -0.986637712
1413364950000.000244 0.010226645 -0.014788902 -0.081582010 0.157489985 -0.016215319 0.040941793 -0.986538351
1413384950000.000000 0.010032148 -0.014591028 -0.081186712 0.157393083 -0.014833268 0.042284176 -0.986518860
1413404950000.000000 0.010122471 -0.015114862 -0.081331134 0.157488763 -0.014100473 0.043487191 -0.986462057
1413424950000.000000 0.009824122 -0.014738319 -0.081084959 0.157300115 -0.013911383 0.043230724 -0.986506104
1413444950000.000000 0.009789951 -0.014768697 -0.081109241 0.157300636 -0.013921108 0.043314781 -0.986502230
1413464950000.000000 0.009877702 -0.015173439 -0.081424437 0.157582730 -0.013988925 0.043486722 -0.986448646
1413484950000.000000 0.009763560 -0.015141265 -0.081502490 0.157616168 -0.013792251 0.043323528 -0.986453295
1413504950000.000000 0.009212125 -0.014745114 -0.081228063 0.157390043 -0.012705693 0.042917199 -0.986521721
1413524950000.000000 0.008972818 -0.015048284 -0.081374273 0.157450125 -0.011549954 0.042173535 -0.986558437
1413544950000.000244 0.008169923 -0.014852758 -0.081201836 0.157433093 -0.009472037 0.041042849 -0.986630976
1413564950000.000244 0.006971104 -0.014254615 -0.080742680 0.157181352 -0.006390096 0.039618596 -0.986754060
1413584950000.000244 0.005939952 -0.014402662 -0.080698535 0.157261893 -0.002965072 0.038226359 -0.986812413
1413604950000.000244 0.003488391 -0.014611360 -0.080721751 -0.157906026 -0.000328846 -0.035975240 0.986798525
1413624950000.000244 0.001840596 -0.014327013 -0.080539770 -0.157853365 -0.004774045 -0.033747427 0.986874223
1413644950000.000000 0.000042795 -0.014015242 -0.080181196 -0.157691836 -0.009234278 -0.031333126 0.986947954
1413664950000.000000 -0.001924669 -0.013701256 -0.079821713 -0.157504991 -0.014387678 -0.028934874 0.986989319
1413684950000.000000 -0.004088365 -0.013396601 -0.079518057 -0.157419473 -0.019927215 -0.026292961 0.986980617
1413704950000.000000 -0.005532879 -0.013119976 -0.078978695 0.157264918 0.026070019 0.024015397 -0.986920178
1413724950000.000000 -0.007378382 -0.013002697 -0.078363009 0.156801924 0.033555690 0.024077879 -0.986766219
1413744950000.000000 -0.009333088 -0.012969492 -0.077651724 0.155954510 0.041690946 0.024564398 -0.986578286
1413764950000.000000 -0.012430311 -0.012499799 -0.077165842 -0.153056413 -0.050002635 -0.023131253 0.986680567
1413784950000.000000 -0.015233852 -0.012801406 -0.076011844 -0.150185943 -0.056797709 -0.020510515 0.986811876
1413804950000.000244 -0.018060420 -0.013254052 -0.074469462 -0.145530567 -0.063621089 -0.017408093 0.987152576
1413824950000.000244 -0.020677403 -0.014061777 -0.072709322 -0.140256956 -0.071462840 -0.016301129 0.987398326
1413844950000.000244 -0.022896329 -0.015109807 -0.070785992 -0.134632289 -0.080444895 -0.017458580 0.987470508
1413864950000.000244 -0.023741273 -0.015751101 -0.069309756 0.129465103 0.088228174 0.018397685 -0.987479687
1413884950000.000000 -0.026557252 -0.017613281 -0.067503795 -0.124908291 -0.096296810 -0.020072453 0.987280130
1413904950000.000000 -0.029013008 -0.018747870 -0.066430613 -0.121166289 -0.103576630 -0.020873044 0.986992955
1413924950000.000000 -0.030922581 -0.019599998 -0.065510094 -0.117880732 -0.110038660 -0.022401409 0.986657917
1413944950000.000000 -0.032525849 -0.020338055 -0.064904869 -0.115914345 -0.115356669 -0.023558743 0.986256421
1413964950000.000000 -0.033874050 -0.020863310 -0.064669155 -0.115143403 -0.118926607 -0.023869189 0.985915184
1413984950000.000000 -0.033656560 -0.019984685 -0.065275460 0.115364507 0.120872125 0.024278317 -0.985642791
1414004950000.000000 -0.034310862 -0.020000374 -0.065575562 0.115832992 0.121985853 0.024229847 -0.985451758
1414024950000.000000 -0.034758504 -0.020070279 -0.065832667 0.116154902 0.122121498 0.024145886 -0.985399067
1414044950000.000244 -0.034879882 -0.020240292 -0.065917842 0.116170339 0.121195450 0.024584031 -0.985500813
1414064950000.000244 -0.034691866 -0.020464346 -0.065944985 0.116116837 0.119663455 0.025169395 -0.985679507
1414084950000.000244 -0.034295313 -0.020687379 -0.065988764 0.116195828 0.117502652 0.025570231 -0.985919774
1414104950000.000244 -0.033784028 -0.020845650 -0.065982178 0.116692632 0.116378866 0.026593879 -0.985967398
1414124950000.000244 -0.033226915 -0.020831907 -0.066202864 0.117311530 0.114753067 0.027698366 -0.986054063
1414144950000.000000 -0.032504980 -0.020749429 -0.066489026 0.118947007 0.113001890 0.028909970 -0.986025631
1414164950000.000000 -0.031459931 -0.020450739 -0.066711508 0.120551676 0.111095317 0.030576151 -0.985997081
1414184950000.000000 -0.030213363 -0.020321270 -0.067043938 0.122706622 0.108854651 0.032686789 -0.985913515
1414204950000.000000 -0.028943766 -0.020049304 -0.067534722 0.125248522 0.106587723 0.034867544 -0.985766828
1414224950000.000000 -0.027354905 -0.019598112 -0.068152092 0.128323242 0.103848696 0.037012994 -0.985585451
1414244950000.000000 -0.025676563 -0.019196978 -0.068853661 0.131685928 0.100366421 0.039054647 -0.985423863
1414264950000.000000 -0.023952555 -0.018814828 -0.069488302 0.134650886 0.097067557 0.041199189 -0.985266328
1414284950000.000000 -0.022191428 -0.018266276 -0.070201628 0.136975825 0.093149520 0.043328773 -0.985232711
1414304950000.000244 -0.020370753 -0.017691068 -0.070884660 0.139287740 0.089352071 0.045450252 -0.985164702
1414324950000.000244 -0.018451218 -0.017183403 -0.071492553 0.141677156 0.085201681 0.047387514 -0.985100448
1414344950000.000244 -0.016567137 -0.016885063 -0.071874671 0.143275455 0.080489539 0.049280707 -0.985172629
1414364950000.000244 -0.014512246 -0.016731448 -0.072158165 0.144370630 0.075670578 0.051659342 -0.985272765
1414384950000.000000 -0.012415486 -0.017483473 -0.072194867 -0.145281672 -0.070741057 -0.054236613 0.985366642
1414404950000.000000 -0.010121210 -0.017604282 -0.072475538 -0.145708546 -0.065511286 -0.056905594 0.985514641
1414424950000.000000 -0.007760572 -0.017737441 -0.072756253 -0.146096542 -0.060099028 -0.059791613 0.985631227
1414444950000.000000 -0.005373046 -0.017911326 -0.073095962 -0.146615103 -0.054350156 -0.062727839 0.985705495
1414464950000.000000 -0.002990290 -0.018233534 -0.073363543 -0.146850854 -0.048371438 -0.065625720 0.985793233
1414484950000.000000 -0.001721981 -0.019100957 -0.074454159 0.147071093 0.041616064 0.067724578 -0.985926807
1414504950000.000000 0.000402485 -0.019238399 -0.075153992 0.147470370 0.033674080 0.067928314 -0.986156404
1414524950000.000000 0.002741895 -0.019354129 -0.075893968 0.147989362 0.025392547 0.068210468 -0.986307144
1414544950000.000244 0.005399905 -0.019527452 -0.076628834 0.148522630 0.017303772 0.069428355 -0.986317098
1414564950000.000244 0.007648372 -0.020281801 -0.078635171 0.149069518 0.008752205 0.069893204 -0.986314714
1414584950000.000244 0.010114759 -0.020403409 -0.079305105 0.149213240 0.000086725 0.069675133 -0.986347198
1414604950000.000244 0.012831111 -0.020700492 -0.079858541 0.149103105 -0.007756196 0.070637800 -0.986264884
1414624950000.000244 0.014215247 -0.021727402 -0.080906339 0.149372533 -0.015466071 0.072520413 -0.985996723
1414644950000.000000 0.016803304 -0.022071695 -0.081285156 0.149298474 -0.022587514 0.074125737 -0.985751092
1414664950000.000000 0.019342467 -0.022508869 -0.081700750 0.148980305 -0.030075034 0.075304590 -0.985509872
1414684950000.000000 0.021863494 -0.022939920 -0.082115218 0.148353487 -0.037426498 0.076074168 -0.985293508
1414704950000.000000 0.024518568 -0.023604793 -0.082386695 0.147678807 -0.043230250 0.078604832 -0.984958649
1414724950000.000000 0.026866075 -0.024351776 -0.082506776 0.146373123 -0.048274312 0.081018627 -0.984723628
1414744950000.000000 0.029019020 -0.025256716 -0.082534693 0.145338595 -0.053250805 0.083414070 -0.984420240
1414764950000.000000 0.030967638 -0.026102668 -0.082453899 0.143536419 -0.057479486 0.085723549 -0.984248400
1414784950000.000000 0.032730125 -0.027034359 -0.082290225 0.142191753 -0.061508399 0.087920785 -0.984006226
1414804950000.000244 0.034667697 -0.027760992 -0.081957817 0.140611127 -0.065017223 0.089867450 -0.983831882
1414824950000.000244 0.036197666 -0.028454304 -0.082210213 0.140735462 -0.068851851 0.091781214 -0.983376443
1414844950000.000244 0.037545092 -0.029008277 -0.082645439 0.141080052 -0.072051041 0.093681328 -0.982918620
1414864950000.000244 0.038759075 -0.029468305 -0.083061546 0.141364813 -0.074785583 0.095222421 -0.982525229
1414884950000.000000 0.039727814 -0.029338006 -0.083649263 -0.140749082 0.076633260 -0.096751995 0.982321799
1414904950000.000000 0.040449902 -0.029621722 -0.083844073 -0.140733629 0.078481272 -0.097563505 0.982097805
1414924950000.000000 0.041027471 -0.029789193 -0.083819613 -0.140530199 0.079621240 -0.098277397 0.981963992
1414944950000.000000 0.041397449 -0.029905971 -0.083747387 -0.140239075 0.080043629 -0.098609500 0.981938004
1414964950000.000000 0.041499779 -0.029970672 -0.083592802 -0.140089333 0.079733752 -0.098610111 0.981984496
1414984950000.000000 0.041493963 -0.029953791 -0.083547384 -0.140151083 0.079722770 -0.098515406 0.981986165
1415004950000.000000 0.043238033 -0.030101549 -0.083775334 0.140507326 -0.079608373 0.098580293 -0.981938004
1415024950000.000000 0.043269362 -0.030110460 -0.083770916 0.140544891 -0.079511240 0.098554663 -0.981943011
1415044950000.000244 0.043224998 -0.030129377 -0.083632037 0.140444294 -0.079317093 0.098524958 -0.981976092
1415064950000.000244 0.042892288 -0.030050036 -0.083462343 0.140335336 -0.079220474 0.098603606 -0.981991589
1415084950000.000244 0.042838823 -0.030026583 -0.083334230 0.140304416 -0.079230987 0.098841101 -0.981971323
1415104950000.000244 0.042770699 -0.029990561 -0.083231091 0.140350103 -0.079303578 0.099177808 -0.981924951
1415124950000.000244 0.042646557 -0.029934539 -0.083093062 0.140222117 -0.079327747 0.099305235 -0.981928408
1415144950000.000000 0.042439044 -0.029911509 -0.082951590 0.140139952 -0.079252645 0.099363118 -0.981940389
1415164950000.000000 0.042198297 -0.029888730 -0.082798056 0.140030071 -0.079167664 0.099319696 -0.981967211
1415184950000.000000 0.042077787 -0.029874846 -0.082720228 0.140009508 -0.078965373 0.099691726 -0.981948793
1415204950000.000000 0.042050276 -0.029876435 -0.082684442 0.140259519 -0.078616075 0.100593090 -0.981849194
1415224950000.000000 0.041886032 -0.029714223 -0.082689583 0.140187681 -0.078609832 0.100464433 -0.981873095
1415244950000.000000 0.041750759 -0.029628085 -0.082639918 0.140104607 -0.078691587 0.100491568 -0.981875658
1415264950000.000000 0.041631270 -0.029607423 -0.082605176 0.139963731 -0.078918606 0.100594543 -0.981867015
1415284950000.000000 0.041524235 -0.029566590 -0.082675688 0.139906868 -0.078955926 0.100613616 -0.981870115
1415304950000.000244 0.041444279 -0.029522412 -0.082763612 0.139984921 -0.078942835 0.100606017 -0.981860876
1415324950000.000244 0.041447721 -0.029507067 -0.082922585 0.140111402 -0.079018340 0.100652456 -0.981831968
1415344950000.000244 0.041460883 -0.029496791 -0.082980156 0.140165940 -0.079171248 0.100762933 -0.981800556
1415364950000.000244 0.041449502 -0.029493324 -0.082991146 0.140098587 -0.079220474 0.100828163 -0.981799483
1415384950000.000000 0.041715719 -0.030293778 -0.083862685 -0.140294433 0.079105794 -0.100673638 0.981796622
1415404950000.000000 0.041625850 -0.030272473 -0.083815888 -0.140211999 0.079072118 -0.100646250 0.981813908
1415424950000.000000 0.041628610 -0.030278796 -0.083880432 -0.140248433 0.079122826 -0.100683860 0.981800795
1415444950000.000000 0.041653488 -0.030268144 -0.083988830 -0.140343890 0.079214953 -0.100742958 0.981773674
1415464950000.000000 0.041710895 -0.030260002 -0.084078543 -0.140377820 0.079270273 -0.100789756 0.981759548
1415484950000.000000 0.040724225 -0.030021805 -0.084165864 0.140561432 -0.079318888 0.100722067 -0.981736243
1415504950000.000000 0.040609676 -0.029990217 -0.084144078 0.140502185 -0.079425365 0.100609861 -0.981747687
1415524950000.000000 0.040549520 -0.029946029 -0.084079944 0.140433893 -0.079526976 0.100508749 -0.981759548
1415544950000.000244 0.040510189 -0.029965192 -0.084001675 0.140361845 -0.079545483 0.100780360 -0.981740475
1415564950000.000244 0.040518891 -0.029997230 -0.083891876 0.140329897 -0.079544879 0.100897416 -0.981733084
1415584950000.000244 0.040557161 -0.030030383 -0.083806209 0.140335619 -0.079535246 0.100849465 -0.981737971
1415604950000.000244 0.040574975 -0.030097410 -0.083758689 0.140408322 -0.079580195 0.100957863 -0.981712818
1415624950000.000244 0.040644996 -0.030176619 -0.083682410 0.140503883 -0.079647005 0.100985199 -0.981690884
1415644950000.000000 0.040737897 -0.030266732 -0.083624162 0.140582234 -0.079691246 0.100976884 -0.981676936
1415664950000.000000 0.040815733 -0.030310215 -0.083519317 0.140561596 -0.079654962 0.100910753 -0.981689692
1415684950000.000000 0.040916171 -0.030330710 -0.083359845 0.140414864 -0.079543114 0.100749992 -0.981736243
1415704950000.000000 0.041077629 -0.030398780 -0.083252162 0.140330315 -0.079599246 0.100831673 -0.981735408
1415724950000.000000 0.041164577 -0.030423705 -0.083244540 0.140396178 -0.079631016 0.100891612 -0.981717288
1415744950000.000000 0.041217797 -0.030452726 -0.083275415 0.140567869 -0.079629436 0.100917108 -0.981690168
1415764950000.000000 0.041294053 -0.030503647 -0.083331794 0.140661106 -0.079659387 0.100979976 -0.981667936
1415784950000.000000 0.041380528 -0.030544700 -0.083337359 0.140647769 -0.079708166 0.101036236 -0.981660068
1415804950000.000244 0.041435122 -0.030529380 -0.083282493 0.140567958 -0.079734959 0.101080880 -0.981664777
1415824950000.000244 0.041521229 -0.030505029 -0.083150014 0.140483648 -0.079771146 0.101137772 -0.981668055
1415844950000.000244 0.041577213 -0.030515378 -0.083125755 0.140423492 -0.079834871 0.101218075 -0.981663167
1415864950000.000244 0.041566670 -0.030512290 -0.083134733 0.140428871 -0.080114916 0.101241849 -0.981637120
1415884950000.000000 0.041949850 -0.030612143 -0.083820440 -0.140464082 0.079838254 -0.101418607 0.981636405
1415904950000.000000 0.041935869 -0.030626591 -0.083794340 -0.140547544 0.079853833 -0.101586178 0.981605887
1415924950000.000000 0.041931558 -0.030616380 -0.083801486 -0.140614942 0.079878949 -0.101604961 0.981592238
1415944950000.000000 0.041969445 -0.030585349 -0.083814703 -0.140682131 0.079961218 -0.101629652 0.981573343
1415964950000.000000 0.041893225 -0.030508976 -0.083741836 -0.140654162 0.079945803 -0.101515055 0.981590450
1415984950000.000000 0.041832585 -0.030457349 -0.083602890 -0.140526891 0.079818822 -0.101466656 0.981624007
1416004950000.000000 0.041259862 -0.030503131 -0.083597936 0.140501663 -0.079975598 0.101426505 -0.981619060
1416024950000.000000 0.041283220 -0.030489895 -0.083549216 0.140483886 -0.080068931 0.101322591 -0.981624663
1416044950000.000244 0.041311473 -0.030466391 -0.083580680 0.140601158 -0.080153264 0.101351179 -0.981598079
1416064950000.000244 0.041371875 -0.030466694 -0.083635822 0.140725166 -0.080223858 0.101360500 -0.981573582
1416084950000.000244 0.041372985 -0.030482527 -0.083656617 0.140783131 -0.080248170 0.101336293 -0.981565833
1416104950000.000244 0.041392751 -0.030442430 -0.083565734 0.140734136 -0.080198310 0.101283774 -0.981582344
1416124950000.000244 0.041438024 -0.030400742 -0.083418369 0.140599191 -0.080162451 0.101145804 -0.981618822
1416144950000.000000 0.041499823 -0.030389229 -0.083351888 0.140485153 -0.080184743 0.101192713 -0.981628418
1416164950000.000000 0.041581556 -0.030372730 -0.083295234 0.140497431 -0.080235176 0.101250432 -0.981616676
1416184950000.000000 0.041612916 -0.030354386 -0.083343223 0.140598714 -0.080250151 0.101264603 -0.981599450
1416204950000.000000 0.041650806 -0.030360837 -0.083405159 0.140676320 -0.080229767 0.101241544 -0.981592357
1416224950000.000000 0.041664947 -0.030372681 -0.083414286 0.140694171 -0.080205970 0.101214603 -0.981594563
1416244950000.000000 0.041653045 -0.030369530 -0.083389647 0.140673578 -0.080175929 0.101193458 -0.981602073
1416264950000.000000 0.041692019 -0.030327663 -0.083360128 0.140513927 -0.080154121 0.101288341 -0.981616974
1416284950000.000000 0.041709010 -0.030277863 -0.083367579 0.140420198 -0.080147959 0.101291351 -0.981630564
1416304950000.000244 0.041749176 -0.030269479 -0.083361812 0.140367061 -0.080174342 0.101318911 -0.981633186
1416324950000.000244 0.041750357 -0.030236259 -0.083385661 0.140401825 -0.080149837 0.101309016 -0.981631219
1416344950000.000244 0.041732274 -0.030219581 -0.083477370 0.140454605 -0.080115244 0.101290978 -0.981628358
1416364950000.000244 0.041734129 -0.030222494 -0.083486266 0.140514925 -0.080090344 0.101395696 -0.981610954
1416384950000.000000 0.041697484 -0.030630372 -0.083468653 -0.140727341 0.080153994 -0.101110175 0.981604755
1416404950000.000000 0.041764371 -0.030590413 -0.083462127 -0.140698403 0.080126576 -0.101125389 0.981609583
1416424950000.000000 0.041791260 -0.030548966 -0.083464660 -0.140613064 0.080142617 -0.101161383 0.981616795
1416444950000.000000 0.041783556 -0.030580502 -0.083362013 -0.140533477 0.080118962 -0.101172514 0.981628954
1416464950000.000000 0.041776959 -0.030570159 -0.083366670 -0.140510127 0.080096290 -0.101089485 0.981642723
1416484950000.000000 0.041220352 -0.030541975 -0.083313949 0.140665531 -0.080211766 0.101027466 -0.981617451
1416504950000.000000 0.040811177 -0.030597502 -0.083253004 0.140748203 -0.080360800 0.100952141 -0.981601119
1416524950000.000000 0.041141681 -0.030545618 -0.083399102 0.140763924 -0.080330662 0.101041541 -0.981592119
1416544950000.000244 0.041167956 -0.030532118 -0.083399020 0.140748277 -0.080348723 0.101057246 -0.981591344
1416564950000.000244 0.041190524 -0.030532474 -0.083399385 0.140679166 -0.080355570 0.101067044 -0.981599629
1416584950000.000244 0.041191816 -0.030554023 -0.083382979 0.140740439 -0.080372520 0.101045825 -0.981591702
1416604950000.000244 0.040832035 -0.030646410 -0.083274946 0.140751421 -0.080436364 0.100944512 -0.981595278
1416624950000.000244 0.040845461 -0.030681793 -0.083383799 0.140803188 -0.080436453 0.100945316 -0.981587768
1416644950000.000000 0.040858489 -0.030715492 -0.083497919 0.140869036 -0.080467425 0.100968823 -0.981573343
1416664950000.000000 0.041265626 -0.030697195 -0.083683841 0.140873313 -0.080412939 0.101074435 -0.981566310
1416684950000.000000 0.041300248 -0.030687543 -0.083725475 0.140860349 -0.080413237 0.101090483 -0.981566489
1416704950000.000000 0.041308992 -0.030685719 -0.083674766 0.140817583 -0.080388360 0.101089090 -0.981574833
1416724950000.000000 0.041331381 -0.030675385 -0.083614975 0.140761375 -0.080356829 0.101085432 -0.981585860
1416744950000.000000 0.040967360 -0.030706652 -0.083554469 0.140746817 -0.080452196 0.100883067 -0.981600940
1416764950000.000000 0.040991101 -0.030706136 -0.083599865 0.140756980 -0.080452986 0.100901932 -0.981597483
1416784950000.000000 0.041348092 -0.030668054 -0.083816983 0.140764415 -0.080394983 0.100997925 -0.981591284
1416804950000.000244 0.041035894 -0.030727228 -0.083749637 0.140818328 -0.080491617 0.100949444 -0.981580675
1416824950000.000244 0.041369952 -0.030665895 -0.083908156 0.140811637 -0.080395475 0.101027921 -0.981581390
1416844950000.000244 0.041383520 -0.030647572 -0.083871029 0.140793547 -0.080356158 0.101147771 -0.981574893
1416864950000.000244 0.041421652 -0.030642183 -0.083836533 0.140724599 -0.080324449 0.101144761 -0.981587648
1416884950000.000000 0.041172642 -0.030818015 -0.083916418 -0.140809610 0.080413841 -0.100924924 0.981590748
1416904950000.000000 0.041185118 -0.030736711 -0.083938107 -0.140785888 0.080399923 -0.100939721 0.981593788
1416924950000.000000 0.041221164 -0.030719647 -0.084001385 -0.140842766 0.080402307 -0.100957371 0.981583655
1416944950000.000000 0.041251771 -0.030692289 -0.084025934 -0.140887618 0.080409661 -0.100955009 0.981576860
1416964950000.000000 0.041263461 -0.030634619 -0.084033005 -0.140893325 0.080407850 -0.100819394 0.981590092
1416984950000.000000 0.040723819 -0.030896526 -0.084325820 0.140974551 -0.080537125 0.100759469 -0.981574059
1417004950000.000000 0.040698476 -0.030884970 -0.084322847 0.140685365 -0.080515526 0.101022974 -0.981590211
1417024950000.000000 0.040720243 -0.030871419 -0.084318332 0.140653059 -0.080540240 0.101160444 -0.981578648
1417044950000.000244 0.040765602 -0.030815432 -0.084309973 0.140671238 -0.080572411 0.101153567 -0.981574118
1417064950000.000244 0.040809467 -0.030777544 -0.084311523 0.140730515 -0.080584668 0.101267911 -0.981552780
1417084950000.000244 0.040834524 -0.030737733 -0.084267713 0.140756264 -0.080618404 0.101134755 -0.981560051
1417104950000.000244 0.040865012 -0.030692862 -0.084237397 0.140768126 -0.080622800 0.101111419 -0.981560409
1417124950000.000244 0.040898643 -0.030618381 -0.084183022 0.140750855 -0.080629632 0.101099826 -0.981563509
1417144950000.000000 0.040942661 -0.030599395 -0.084080897 0.140729785 -0.080619141 0.101246886 -0.981552243
1417164950000.000000 0.040980753 -0.030606028 -0.083946079 0.140700936 -0.080606118 0.101390153 -0.981542647
1417184950000.000000 0.041024655 -0.030595032 -0.083908774 0.140708432 -0.080570154 0.101518676 -0.981531262
1417204950000.000000 0.041048296 -0.030624669 -0.083822593 0.140736282 -0.080552168 0.101488903 -0.981531858
1417224950000.000000 0.041063108 -0.030644506 -0.083807886 0.140758619 -0.080561906 0.101457782 -0.981531024
1417244950000.000000 0.041119482 -0.030679321 -0.083768971 0.140798479 -0.080505304 0.101689167 -0.981505990
1417264950000.000000 0.041166179 -0.030709321 -0.083750561 0.140819326 -0.080494806 0.101796493 -0.981492698
1417284950000.000000 0.041210160 -0.030720497 -0.083702959 0.140789464 -0.080496870 0.101772524 -0.981499434
1417304950000.000244 0.041249294 -0.030752180 -0.083655730 0.140734121 -0.080489121 0.101731628 -0.981512249
1417324950000.000244 0.041246694 -0.030767007 -0.083596088 0.140702963 -0.080463380 0.101669542 -0.981525183
1417344950000.000244 0.041234292 -0.030810617 -0.083610192 0.140731245 -0.080416709 0.101734772 -0.981518209
1417364950000.000244 0.041250158 -0.030795004 -0.083663866 0.140761852 -0.080446534 0.101577953 -0.981527567
1417384950000.000000 0.041300613 -0.030798843 -0.083692141 0.140783697 -0.080461465 0.101574421 -0.981523633
1417404950000.000000 0.041323408 -0.030783847 -0.083659403 0.140784845 -0.080454282 0.101553328 -0.981526256
1417424950000.000000 0.041258648 -0.030759757 -0.083668962 0.140744001 -0.080466494 0.101531193 -0.981533408
1417444950000.000000 0.041267645 -0.030783936 -0.083625525 0.140828103 -0.080448844 0.101485431 -0.981527507
